,career_AST,career_G,career_PTS,salary
abdelal01,0.3,256,5.7,2844000.0
abdulka01,3.6,1560,24.6,8560000.0
abdulma02,3.5,586,14.6,19849500.0
abdulta01,1.1,236,7.8,37982800.0
abdursh01,2.5,830,18.1,95866000.0
abrinal01,0.5,174,5.3,11719764.0
ackeral01,0.5,30,2.7,1949488.0
acresma01,0.5,375,3.6,1609000.0
acyqu01,0.6,337,4.9,8025506.0
adamsal01,4.1,988,14.1,1775000.0
adamsha01,0.2,73,2.5,709881.0
adamsjo01,0.6,32,3.2,4213800.0
adamsmi01,6.4,653,14.7,6612000.0
adamsst01,1.0,467,9.7,32167307.0
addisra01,0.9,379,5.8,1733000.0
adebaba01,1.9,151,8.0,2490360.0
adrieje01,0.7,153,4.6,3314407.0
afflaar01,1.8,762,10.8,58852159.0
agerma01,0.2,82,2.1,3006625.0
aguirma01,3.1,923,20.0,8176640.0
ahearbl01,1.2,19,4.6,125562.0
aingeda01,4.0,1042,11.5,8800000.0
ajincal01,0.5,293,5.3,18959122.0
akognjo01,0.3,3,1.7,788872.0
alabiso01,0.2,26,1.5,1600000.0
alarima01,1.1,325,7.5,1532500.0
aldemfu01,0.7,41,2.3,6000000.0
aldrico01,0.5,339,3.1,23883663.0
aldrila01,2.0,950,19.6,147618922.0
alexacl01,0.0,8,1.3,576542.0
alexaco01,2.7,307,5.5,12161158.0
alexaco02,1.2,187,9.0,6502302.0
alexaga01,0.2,11,1.7,150000.0
alexajo01,0.7,67,4.2,5076945.0
alexavi01,0.9,286,8.9,6477850.0
alforst01,1.0,169,4.4,500000.0
allenja01,1.0,152,9.6,1713720.0
allenje01,1.7,117,2.9,992500.0
allenla01,1.0,388,4.8,15181767.0
allenma01,0.5,478,4.9,12607130.0
allenra02,3.4,1300,18.9,184356410.0
allento01,1.3,820,8.1,40698419.0
almonmo01,0.3,38,3.1,2087400.0
alstode01,0.7,139,5.4,500000.0
alstora01,4.8,671,10.1,28129531.0
amaecjo01,0.8,294,6.2,9562500.0
amayaas01,0.4,85,4.5,472500.0
aminual01,1.2,670,7.7,35447764.0
amundlo01,0.4,428,3.7,11864489.0
anderch01,0.5,695,5.4,38507101.0
anderda03,0.6,103,4.9,4800000.0
anderal01,1.1,330,7.3,8925429.0
anderde01,3.4,615,12.0,58973127.0
anderer01,0.2,27,1.6,390000.0
andergr01,0.6,680,7.3,5716250.0
anderja01,1.2,247,5.8,5374616.0
anderju01,0.7,216,5.3,4542600.0
anderke01,6.1,858,12.6,63425200.0
anderky01,1.9,300,5.3,5580343.0
anderni01,2.6,800,14.4,42530718.0
anderri01,1.5,407,5.6,525000.0
anderro01,1.4,664,10.6,3290000.0
anderry01,0.9,647,12.4,78509780.0
andersh01,1.4,719,7.4,49573425.0
anderwi01,3.8,555,12.2,10810000.0
andrima01,0.0,6,0.0,1062971.0
anigbik01,0.1,14,0.9,950000.0
anslemi01,0.4,149,6.9,200000.0
anstech01,0.8,155,5.2,2812820.0
antetgi01,4.1,465,18.8,31087051.0
antetth01,0.0,2,3.0,105888.0
anthoca01,3.0,1064,24.0,232001415.0
anthogr01,4.0,757,7.3,18592250.0
anthojo01,0.2,490,2.2,23377987.0
anticpe01,0.9,113,6.3,1250000.0
anunoog01,0.7,141,6.4,1645200.0
applike01,0.2,5,1.2,161776.0
araujra01,0.3,139,2.8,6716880.0
archiro01,0.4,44,1.2,913137.0
arenagi01,5.3,552,20.7,140714721.0
arizatr01,2.2,1011,10.7,76320530.0
armstbj01,3.3,747,9.8,16380000.0
armstbr01,0.2,108,2.2,2792170.0
armstda01,4.0,840,9.2,27536438.0
armsthi01,0.3,292,3.0,9494478.0
arroyca01,3.1,569,6.6,20209555.0
arthuda01,0.8,503,6.5,33222575.0
asikom01,0.6,471,5.3,60202437.0
askewvi01,2.2,467,7.1,5857250.0
askinke01,0.8,486,3.8,5748400.0
atkinch01,3.4,696,9.9,34191455.0
augmost01,1.6,1001,8.0,30037500.0
augusdj01,4.0,807,9.8,35638310.0
augusja01,0.1,27,1.6,1100174.0
austiis01,1.2,432,7.6,22626666.0
aventan01,0.8,352,5.6,3410000.0
averywi01,1.4,142,2.7,3858600.0
ayongu01,1.3,135,4.7,4567500.0
pendeje02,0.4,237,2.9,7353570.0
azubuke01,1.1,208,10.5,11206233.0
babbch01,0.2,14,1.6,48028.0
babbilu01,0.6,381,4.8,10588763.0
babicmi01,0.5,21,1.8,200000.0
bacondw01,0.9,96,5.1,815615.0
bagarda01,0.4,95,2.6,4079663.0
baglejo01,6.0,665,8.7,4034000.0
baileja01,0.8,595,8.8,1350000.0
baileth01,1.4,928,12.8,7994000.0
baileto01,0.6,73,3.3,822500.0
bairsca01,0.2,36,1.2,1352395.0
bakerro01,1.8,96,3.1,4871471.0
bakervi01,1.9,791,15.0,97390894.0
balkmre01,0.6,221,4.0,10979217.0
balllo01,6.4,99,10.0,6286560.0
ballagr01,2.2,802,12.4,870833.0
banksge01,2.9,468,11.3,490000.0
banksma01,2.1,348,5.9,26135520.0
bannike01,0.4,253,5.9,855000.0
barbole01,2.1,850,10.6,46967358.0
bardost01,1.3,33,2.2,375000.0
bareajo01,3.9,802,9.0,32864310.0
bargnan01,1.2,550,14.3,73519408.0
barklch01,3.9,1073,22.1,43608000.0
barkler01,1.5,27,2.9,2032700.0
barneha02,1.5,540,13.6,57874032.0
barnema02,1.8,929,8.2,31408015.0
barrean01,2.0,67,3.3,1129828.0
barroea01,0.5,140,4.6,2957063.0
barroda01,3.3,850,10.5,25587500.0
barrybr01,3.2,912,9.3,53464860.0
barrydr01,1.9,60,2.2,412765.0
barryjo01,2.2,821,5.7,19825000.0
bartowi01,2.4,438,10.5,12654114.0
basdeed01,0.4,19,2.1,398762.0
bassbr01,0.8,758,8.7,38811509.0
bastoma01,0.2,105,2.7,5290911.0
bateeme01,0.6,46,3.4,1149132.0
batises01,0.2,70,1.7,1062971.0
batismi01,0.7,75,6.4,349458.0
battito01,0.6,837,6.1,57604162.0
battish01,1.8,977,8.6,56569622.0
battljo01,2.1,612,8.7,5170000.0
battlke01,0.8,134,4.7,490000.0
batumni01,3.8,767,11.8,94962374.0
baxtelo01,0.2,162,3.9,2273860.0
bayleje01,2.9,586,8.4,40030604.0
baynear01,0.7,427,5.4,20595042.0
bazarse01,1.4,10,3.0,168000.0
bazemke01,1.9,483,8.7,37902927.0
bealbr01,3.7,488,19.8,64544770.0
beaslje01,0.0,2,1.0,986977.0
beaslma01,0.8,165,7.2,3327960.0
beaslmi01,1.3,609,12.4,36689539.0
beaubro01,2.1,182,7.1,5695573.0
beckco01,1.4,88,2.7,697250.0
bedfowi01,0.5,238,4.1,4000000.0
belinma01,1.7,803,10.0,37427727.0
bellch01,2.3,376,8.5,20073783.0
belljo01,1.4,125,3.9,815615.0
bellra01,1.7,706,9.9,36631964.0
belltr01,0.7,6,1.8,4145640.0
bembrde01,1.9,146,6.3,3066960.0
bendedr01,1.2,171,5.3,8745120.0
bendejo01,0.6,262,5.5,30670146.0
benimje01,0.0,2,0.0,64843.0
benjabe01,1.3,807,11.4,23005129.0
benjaco01,0.9,153,5.5,1985160.0
bennean01,0.5,151,4.4,16501172.0
bennema01,0.4,68,4.0,1937500.0
benneto01,2.0,152,3.5,546000.0
bennewi01,0.9,136,4.8,1050000.0
benoida01,0.6,492,7.0,5393096.0
bensoke02,0.0,3,0.0,75000.0
bensoke01,1.8,680,9.1,1280000.0
bentibe01,0.0,3,0.0,331969.0
berryri01,1.3,64,11.0,300000.0
berrywa01,1.4,205,14.1,600000.0
bertada01,1.0,220,6.2,1856082.0
besttr01,3.5,708,7.6,18211679.0
beverpa01,3.5,380,9.0,19999006.0
bhullsi01,0.3,3,0.7,29843.0
bibbymi01,5.5,1001,14.7,107093621.0
biedran01,0.9,516,6.3,62208776.0
billuch01,5.4,1043,15.2,107227720.0
birchkh01,0.8,92,4.5,865615.0
birdla01,6.3,897,24.3,22620000.0
birdsot01,3.2,696,18.0,2675000.0
biyombi01,0.5,583,4.9,49729278.0
bjeline01,1.5,269,7.1,11749999.0
blabuw01,0.4,235,2.1,740000.0
blackta01,0.5,220,4.9,10833395.0
blackro01,3.0,980,18.0,11404542.0
blackal01,0.3,27,1.3,140000.0
blairde01,0.8,424,6.8,8755907.0
blakest01,4.0,870,6.5,36994442.0
blalowi01,1.2,14,1.8,412718.0
blankla01,0.8,142,2.0,1270000.0
blantri01,0.5,2,3.0,8000.0
blatcan01,1.4,564,10.1,39726505.0
blaylmo01,6.7,889,13.5,31790000.0
bledser01,4.8,570,14.1,61176423.0
blounco01,0.7,644,3.6,14441735.0
blounma01,0.8,605,8.2,44649672.0
bobbito01,0.0,2,2.5,305403.0
boganke01,1.3,671,6.3,19140381.0
bogdabo01,3.5,148,12.9,9470614.0
bogdabo02,1.4,399,13.3,20934163.0
boguemu01,7.6,889,7.7,18428400.0
bogutan01,2.2,706,9.6,117639657.0
bohanet01,0.2,26,1.4,795750.0
bolma01,0.3,624,2.6,5887500.0
bondwa01,1.2,153,5.7,474900.0
bonnean01,1.4,318,6.9,2826000.0
bonnema01,0.7,792,5.8,30128334.0
bookede01,4.2,272,21.4,6670800.0
booketr01,1.1,532,6.9,34318096.0
boonejo01,0.5,256,5.2,5456088.0
boothca01,0.4,366,3.3,38911607.0
boothke01,0.9,45,2.9,2061720.0
boozeca01,2.2,861,16.2,146109736.0
borchcu01,0.8,83,3.1,5551833.0
borrela01,0.6,17,3.6,301875.0
boshch01,2.0,893,19.2,215272333.0
bosweto01,1.6,366,7.7,65000.0
boumtru01,0.1,44,1.0,1508931.0
bowdlca01,0.2,142,3.0,3308400.0
bowenbr01,1.2,873,6.1,30338350.0
bowenry01,0.5,507,2.6,8895707.0
bowiean01,1.8,461,6.4,3070000.0
bowiesa01,2.1,511,10.9,16735000.0
bowmair01,0.5,17,0.9,24316.0
boycedo01,0.5,30,2.6,497500.0
boykiea01,3.2,652,8.9,16544862.0
bozemce01,0.4,23,1.1,412718.0
brackcr01,0.5,17,1.8,2711880.0
bradlav01,1.8,522,12.0,39084872.0
bradldu01,1.9,600,5.2,275000.0
bradlmi01,0.5,173,2.8,5162996.0
bradlsh01,0.7,832,8.1,69580000.0
bradlto01,0.2,12,2.1,1414920.0
bradtma01,0.2,36,1.6,247500.0
braggma01,0.2,53,2.5,225000.0
braggto01,0.3,22,2.1,370666.0
bramlaj01,0.0,8,1.0,118974.0
brancad01,0.7,130,6.4,150000.0
brandel01,2.1,1058,15.9,169229324.0
brandte01,6.1,724,13.8,59585440.0
breauti01,0.4,102,2.9,647250.0
bremejr01,2.2,100,6.5,913137.0
breuera01,0.9,681,6.8,4161500.0
breweco01,1.5,814,8.7,50405927.0
breweja01,1.0,54,1.6,2203977.0
brewero02,1.6,502,7.8,19618249.0
brezepr01,0.5,342,7.2,13327978.0
brickfr01,1.9,731,10.0,13558000.0
bridgju01,2.4,849,13.6,700000.0
brittmi01,0.2,38,1.7,105000.0
brockjo01,0.3,150,2.1,3457588.0
brogdma01,3.6,187,12.8,2237611.0
brookaa01,3.0,645,9.7,20144233.0
brookdi01,1.5,100,10.3,815615.0
brookke01,0.4,126,3.3,3000000.0
brookma01,1.4,200,8.0,3845957.0
brookmi01,2.6,319,12.8,75000.0
brooksc01,2.4,680,4.9,3417500.0
brownan01,0.1,75,2.6,1061016.0
brownbo02,1.5,158,4.4,3343013.0
brownch01,0.8,694,5.9,3967250.0
brownda02,0.5,39,2.8,535325.0
brownde01,3.7,608,11.1,24142000.0
brownde03,1.8,68,2.1,651285.0
brownde04,0.7,171,5.2,2074172.0
brownde02,1.5,465,7.2,8156587.0
browner01,0.0,3,1.0,332817.0
brownge02,0.9,33,2.4,672500.0
brownja01,2.1,19,11.9,44765.0
brownja02,1.3,222,11.2,9699480.0
brownke01,0.7,143,3.6,7261508.0
brownkw01,0.9,607,6.6,63992853.0
brownma01,0.9,27,3.4,1263294.0
brownmi01,0.7,626,5.0,6470000.0
brownmy01,1.5,4,2.3,200000.0
brownpj01,1.5,1089,9.1,69539200.0
brownra02,2.2,655,4.8,15162000.0
brownri01,0.4,340,4.4,160000.0
brownsh01,1.1,408,7.6,17512981.0
brownst02,1.0,112,5.3,815615.0
brownti01,2.0,134,3.9,1052863.0
brownto01,1.6,360,6.0,640000.0
brunsri01,2.6,337,3.2,5446383.0
brussni01,0.8,58,2.6,1448720.0
bryanko01,4.7,1346,25.0,328238062.0
bryanma01,0.6,797,5.4,17555000.0
bryanth01,1.1,87,9.0,815615.0
bryanwa01,1.1,102,3.2,330000.0
buckngr01,1.3,570,5.0,29653476.0
bucknqu01,4.3,719,8.2,462000.0
budinch01,1.2,407,7.9,18236050.0
buechju01,0.8,720,3.3,14685000.0
buforro01,0.8,230,6.4,2097595.0
bullama01,0.9,615,5.3,8507533.0
bullore01,1.1,272,6.8,8357804.0
burkepa01,0.3,127,3.7,1909458.0
burketr01,3.6,361,10.9,11816318.0
burksal01,1.7,429,9.5,39641681.0
burksan01,1.3,81,2.3,1027025.0
burleke01,1.2,39,1.8,468762.0
burnsev01,0.4,23,2.4,1616000.0
burresc01,1.4,383,6.9,7200000.0
burroju01,0.2,61,3.1,300000.0
burtowi01,1.2,316,10.3,6655500.0
burttst01,1.2,101,5.8,75000.0
busedo01,4.6,966,7.1,130000.0
butleca01,2.3,881,14.1,84159304.0
butlegr01,0.1,55,1.4,100000.0
butleja01,0.4,69,5.0,7500762.0
butleji01,3.5,523,16.7,57353387.0
butlemi02,0.9,362,5.2,4201779.0
butlera01,0.8,809,7.5,23880069.0
buyckdw01,1.7,49,6.3,796188.0
bynuman01,1.2,418,11.5,72876258.0
bynumwi01,3.3,360,8.1,17137733.0
cabarza01,0.6,150,4.3,6095497.0
cabocbr01,0.9,69,4.9,7023225.0
caffeja01,0.9,462,7.3,34068568.0
cagemi01,0.9,1140,7.3,17211421.0
calatni01,2.7,129,4.6,816482.0
caldejo01,5.8,895,8.9,83343408.0
caldwad01,0.2,197,2.0,992250.0
caldwke01,1.6,470,11.9,29741533.0
callori01,1.0,64,3.2,125000.0
cambrde01,1.1,53,7.0,150000.0
cambyma01,1.9,973,9.5,130044549.0
campbel01,1.1,1044,10.3,69175000.0
campbto01,1.5,690,11.6,6708000.0
canaais01,1.9,235,8.1,4030466.0
capelca01,0.9,295,12.0,6062680.0
caracde01,0.2,41,2.0,744031.0
cardibr01,1.0,456,4.6,39334595.0
carlige01,0.2,6,1.3,65779.0
carliri01,1.1,188,2.2,315000.0
carnero01,0.4,299,5.9,6150341.0
carran01,1.1,987,9.3,13745600.0
carrch01,1.0,297,6.7,4140000.0
carrco01,1.6,42,4.1,287500.0
carrke01,1.4,674,11.6,737250.0
carrml01,2.0,678,10.0,175000.0
carrode01,1.3,554,9.1,50428793.0
carrojo01,1.8,705,17.7,6000000.0
carroma01,0.7,459,6.6,29537032.0
cartean01,3.8,623,4.8,17212048.0
cartebu01,1.9,361,8.7,160000.0
cartevi01,3.2,1481,17.2,181927444.0
cartemi01,4.6,315,10.9,12783526.0
cartwbi01,1.4,963,13.2,14407000.0
cassesa01,6.0,993,15.7,58419775.0
casspom01,1.1,588,7.9,15661833.0
catchha01,0.8,725,3.2,262000.0
catlete01,0.9,515,12.7,7798700.0
catoke01,0.5,541,5.5,46568465.0
cattabo01,0.1,78,3.1,70000.0
caulewi01,1.6,295,10.1,10653600.0
causwdu01,0.4,541,4.9,17632092.0
cavanty01,0.6,50,3.8,729919.0
cavenro01,0.3,58,1.4,100000.0
cebalce01,1.2,609,14.3,19962500.0
celesjo01,1.3,16,2.3,301875.0
chalmli01,1.4,36,3.1,1132050.0
chalmma01,3.7,646,8.9,24734296.0
chambto01,2.1,1107,18.1,15211250.0
chandty01,0.8,1134,8.4,173496273.0
chandwi01,1.8,641,12.9,58400387.0
chapmre01,2.7,666,14.6,24180700.0
charllo01,0.2,36,3.4,70000.0
cheanca01,1.7,825,9.5,30030000.0
cheekma01,6.7,1101,11.1,5345000.0
cherrwi01,1.0,8,1.9,25000.0
chievde01,0.7,154,7.1,875000.0
chilcpe01,0.8,584,4.3,5301300.0
childjo01,1.6,391,9.1,38857903.0
childra01,1.0,51,2.4,3092320.0
childch01,4.9,541,6.9,26816667.0
chrisma01,0.8,197,7.6,6015240.0
chrisdo01,3.6,827,11.2,51591438.0
chrisdi01,0.3,31,2.3,50000.0
chrisra01,0.1,30,2.1,2224894.0
chrisse01,2.0,64,2.9,543471.0
clarkca01,0.7,93,2.4,65000.0
clarkea01,0.5,261,4.4,10377592.0
clarkia01,1.2,330,5.6,4250836.0
clarkke01,0.9,353,8.2,15186563.0
clarkco01,0.0,3,2.0,61776.0
clarkjo01,2.7,382,14.7,25414895.0
clavevi01,0.7,80,3.2,4000000.0
claxtsp01,4.3,334,9.3,37046600.0
cleavma01,1.9,167,3.6,5084064.0
closske01,0.3,130,3.9,6240000.0
cofferi01,0.1,52,1.3,150000.0
cofiefr01,1.7,50,3.4,70000.0
cokerjo01,0.1,25,1.6,1060000.0
coleno01,2.7,360,7.0,8570804.0
colembe01,0.6,227,6.6,575000.0
colemde01,2.5,781,16.5,91366800.0
colesbi01,3.9,852,7.8,20228000.0
collija02,0.3,151,5.6,6990240.0
collija01,0.1,23,2.6,242000.0
collija03,0.8,542,3.9,15008171.0
collija04,0.9,735,3.6,34168530.0
collijo01,1.6,135,14.6,1936920.0
collima01,1.7,189,3.9,4769702.0
collish01,0.4,20,0.9,473604.0
colliza01,0.9,143,5.6,3057240.0
collida01,5.0,708,12.5,33343141.0
collini01,1.0,910,5.9,60322642.0
coltest01,2.8,526,6.3,912500.0
comegda01,0.7,142,6.0,290000.0
conlemi01,5.7,788,14.9,111275155.0
conloma01,1.0,379,6.5,4381088.0
connapa01,1.2,216,4.6,2871111.0
connele01,3.9,687,6.3,3475000.0
conrowi01,1.0,16,0.4,169376.0
cookan01,0.3,116,3.6,2295000.0
cookbr01,0.6,421,5.5,17600124.0
cookda02,0.7,328,6.4,13010946.0
cookda01,3.7,612,9.5,930000.0
cookje01,1.4,518,5.3,467566.0
cookom01,2.1,22,1.7,292230.0
coopedu01,2.0,88,2.3,290000.0
coopemi01,4.2,873,8.9,1367500.0
coopewa01,0.9,984,7.9,5380000.0
copato01,0.1,33,1.5,160000.0
copelch01,0.6,171,5.8,7708604.0
copella01,0.4,33,2.7,130000.0
corbity01,1.8,1065,9.2,12446900.0
corchch01,2.2,112,3.7,450000.0
corzida01,1.7,891,8.5,3880000.0
cottobr01,0.8,23,3.8,495485.0
cottoja02,0.0,19,2.6,702000.0
courtjo01,0.3,96,2.8,388158.0
couside01,3.2,565,21.2,79251978.0
covinro01,1.6,326,12.7,19863799.0
crabbal01,1.2,344,9.5,39641776.0
crawfch01,0.6,252,6.6,16292000.0
crawfja01,3.4,1326,14.6,119295271.0
crawfjo02,3.1,281,12.2,6066964.0
crispjo01,1.2,21,3.8,48705.0
critewi01,0.5,31,2.8,225000.0
crittja01,1.8,113,5.3,4144680.0
croshau01,1.0,659,6.8,55481586.0
crottjo01,2.1,477,4.0,5639171.0
crowdco01,0.3,58,2.1,522982.0
crowdja01,1.4,543,9.5,21387131.0
cummipa01,1.2,683,9.6,2649500.0
cummite01,1.9,1183,16.4,24014600.0
cummivo01,2.7,199,6.9,2271600.0
cunnida01,0.7,715,5.8,16599975.0
cunnija01,0.5,84,2.3,3403794.0
cunniwi01,0.1,23,0.6,898500.0
curcira01,0.6,20,2.9,140000.0
curetea01,1.0,674,5.4,1060200.0
curlebi01,0.4,147,2.7,6768167.0
curryde01,1.8,1083,11.7,19831000.0
curryed01,0.5,527,12.9,70050993.0
curryja01,0.0,1,0.0,454080.0
currymi01,1.2,667,4.5,14445122.0
curryse01,1.7,192,9.3,7021714.0
curryst01,6.6,694,23.5,91382812.0
cvetkra01,0.2,14,0.7,200000.0
dailequ01,2.3,528,14.1,2145000.0
dalemsa01,0.5,886,7.7,91591765.0
dampier01,0.8,987,7.4,97963871.0
daniean01,3.4,872,7.6,49275420.0
danieer01,0.2,21,0.6,385277.0
daniell01,1.6,200,7.1,767500.0
daniema01,1.8,548,7.9,36697352.0
danietr01,0.6,292,7.0,8505218.0
danilsa01,2.0,75,12.8,3347000.0
dantlad01,3.0,955,24.3,4065000.0
dareyi01,0.0,110,2.1,8655000.0
datomlu01,0.4,55,3.4,1750000.0
daughbr01,3.7,548,19.0,21504000.0
davidko01,0.6,109,5.0,988941.0
davidje01,0.3,52,3.1,849888.0
davisan02,2.1,466,23.7,69090266.0
davisan01,1.1,903,10.0,87740000.0
davisba01,7.2,835,16.1,147692983.0
davisbe01,0.1,40,1.4,892216.0
davisbr01,4.9,961,8.2,2168100.0
davisbr02,0.3,68,1.9,150000.0
davisch02,0.7,415,5.3,240000.0
davisda01,0.9,1094,8.0,77281958.0
davisde01,0.4,107,4.2,2681840.0
davised01,0.8,640,6.5,30343382.0
davisem01,1.8,226,4.9,3207485.0
davisgl01,0.9,514,8.0,34366665.0
davishu01,1.7,685,8.2,16800500.0
davisjo01,4.5,750,12.9,775000.0
davisjo02,0.3,67,2.3,1127090.0
davisma02,1.3,230,5.5,880200.0
davispa01,0.4,82,2.6,1509078.0
davisri01,3.3,736,13.5,42872920.0
daviste01,0.6,480,6.4,14019750.0
daviswa03,3.8,1033,18.9,4815000.0
dawkian01,0.3,4,0.8,59686.0
dawkida01,1.3,726,12.0,2734000.0
dawkijo01,5.5,541,11.1,9840000.0
dawsobr01,0.0,6,0.8,525093.0
dawsoer01,0.0,4,3.8,38172.0
dayto01,1.5,483,12.3,12119250.0
dayeau01,0.7,293,5.2,10505632.0
dayeda01,2.0,328,6.8,215000.0
decolna01,1.7,119,3.8,2863000.0
declean01,0.6,587,4.8,17908500.0
dedmode01,0.7,350,6.5,10661760.0
deherte01,2.6,402,8.0,8048625.0
dejeabr01,1.1,14,5.6,281659.0
dekkesa01,0.8,200,5.5,5161560.0
delnevi01,3.2,771,9.1,17880142.0
delanma01,2.8,127,5.7,5000000.0
delebi01,1.1,413,11.0,21912000.0
delfica01,1.7,507,8.1,24127037.0
delkto01,1.9,545,9.1,19911680.0
dellama01,3.7,377,6.0,21178762.0
dembofe01,0.2,31,1.2,100000.0
dempsde01,0.5,20,3.0,225000.0
denglu01,2.3,902,14.8,136713597.0
derozde01,3.4,752,19.9,93485845.0
dialde01,0.8,82,3.1,1298600.0
diallch01,0.4,133,5.5,1856082.0
diawbo01,3.5,1064,8.6,80865921.0
diawaya01,0.7,187,3.5,2920174.0
diazgu01,0.2,6,0.8,56065.0
dickada01,2.5,300,5.8,11425404.0
dickeka01,0.1,19,1.2,1044151.0
dickemi01,2.6,212,15.4,17113162.0
dienetr01,2.4,179,4.8,5922971.0
dienggo01,1.4,452,8.0,20701703.0
dinwisp01,4.5,253,11.0,3796036.0
dioguik01,0.3,225,6.0,10882224.0
diopde01,0.4,601,2.0,47024084.0
divacvl01,3.1,1134,11.8,93120635.0
dixonju01,1.8,436,8.4,12379358.0
doleami01,0.6,587,4.9,19840176.0
donalja01,0.8,957,8.6,3845000.0
doolike01,2.2,728,7.0,30471031.0
dorsejo01,0.4,130,2.6,4515473.0
dorsety01,1.3,104,6.7,815615.0
dotsoda01,1.4,117,8.2,1100000.0
doubyqu01,0.7,143,4.1,4087399.0
douglsh01,5.9,765,11.0,23829250.0
douglto01,2.3,394,7.6,9518150.0
douglch01,1.1,222,7.1,3020935.0
dowdeza01,2.1,24,5.0,242374.0
dragigo01,4.8,758,13.7,77786450.0
dragizo01,0.3,16,1.8,4012500.0
dreilgr01,0.4,474,2.1,2627500.0
drewbr01,2.2,243,4.4,7045160.0
drewjo01,1.7,739,20.7,250000.0
drewla01,5.2,714,11.4,3050000.0
drewla02,2.5,22,2.9,282163.0
drexlcl01,5.6,1086,20.4,31147000.0
drobnpr01,0.8,278,7.9,6054971.0
drumman01,1.2,542,14.1,56551427.0
duckwke01,0.9,684,11.8,18247000.0
dudlech02,0.4,886,3.9,38305000.0
dudleja01,1.6,847,7.7,47538028.0
duhonch01,4.4,606,6.5,33074077.0
dukandu01,1.0,1,6.0,525093.0
dumarjo01,4.5,1018,16.1,22931700.0
dumasri02,1.1,102,10.6,1665000.0
dumasto01,1.2,156,7.3,4060000.0
duncati01,3.0,1392,19.0,243471655.0
dunlemi01,3.9,438,8.0,200000.0
dunlemi02,2.2,986,11.2,84513176.0
dunnkr01,4.4,176,8.6,7919280.0
dunntr01,1.6,993,5.1,575000.0
duprero01,0.6,157,3.5,2995189.0
duranke01,4.1,849,27.0,160209018.0
durhapa01,0.9,64,5.0,126000.0
eacklle01,1.7,441,10.8,2540000.0
earlac01,0.3,193,5.1,5200000.0
earlycl01,0.8,56,4.3,1352395.0
eatonma01,1.0,875,6.0,9177000.0
ebankde01,0.4,63,3.6,2290188.0
ebind01,0.2,19,2.1,2794320.0
eddieja01,0.1,34,2.6,1052939.0
eddiepa01,0.0,4,1.0,130000.0
edneyty01,4.0,226,7.6,1381000.0
edwarbl01,2.0,704,10.8,12085000.0
edwarco01,0.3,10,2.7,319498.0
edwardo01,0.7,85,2.4,5837500.0
edwarfr01,2.6,296,6.1,100000.0
edwarja01,1.3,1168,12.7,7274000.0
edwarjo01,0.1,65,1.5,2465277.0
edwarke01,2.7,604,10.9,12675000.0
ehlocr01,2.8,873,8.6,10586163.0
eisleho01,3.5,786,6.5,37227067.0
ekeziob01,0.2,143,3.6,1954904.0
elamikh01,2.9,50,6.3,782819.0
eliema01,2.6,732,8.6,12983000.0
ellenhe01,0.6,76,4.3,3484920.0
ellinwa01,1.1,645,8.2,25575946.0
elliose01,2.6,742,14.2,42426666.0
ellisda01,1.4,1209,15.7,20272750.0
ellisha01,0.6,145,5.8,250000.0
ellisla01,1.6,624,11.9,27939000.0
ellisle02,0.3,91,3.0,730000.0
ellismo01,4.6,833,17.8,96558981.0
ellispe01,1.5,474,9.5,24150000.0
elsonfr01,0.6,472,3.7,12558479.0
elyme01,0.7,375,5.3,13683025.0
embiijo01,3.2,158,24.3,19981026.0
emmetan01,0.1,14,1.4,1088458.0
englech01,0.2,195,1.8,125000.0
englewa01,0.6,11,2.5,100000.0
engliaj01,2.1,151,9.9,1306000.0
englial01,3.6,1193,21.5,8865000.0
englijo01,0.9,50,3.6,50000.0
engliki01,0.6,41,2.9,473604.0
ennisja01,0.9,278,6.5,7353369.0
ennisty01,1.9,186,4.2,6511265.0
erdense01,0.4,69,3.8,1235799.0
ervinju01,4.2,1243,24.2,2539000.0
eschmev01,0.5,153,2.8,17003496.0
esposvi01,0.8,30,3.9,500000.0
evansbr01,0.8,102,3.7,1845325.0
evansja01,2.0,56,4.2,815615.0
evansje01,0.4,250,3.5,8946816.0
evansma01,0.7,562,6.7,14611029.0
evansmi01,2.6,591,7.7,425000.0
evansre01,0.6,809,4.1,32345618.0
evansty01,4.8,594,15.7,63136251.0
ewingda01,1.4,127,3.4,1114209.0
ewingpa01,1.9,1183,21.0,125193120.0
exumda01,2.3,204,5.9,16325425.0
eyengch01,0.8,51,6.3,3292560.0
ezelife01,0.4,170,4.2,12942842.0
farieke01,1.0,478,11.4,42456883.0
farmajo01,2.9,504,7.7,18706138.0
farmede01,1.0,11,2.4,359112.0
farmeji01,0.8,136,5.3,175000.0
farmeto01,0.8,101,5.3,1029750.0
favervi01,0.4,37,4.4,2090000.0
favorde01,1.1,632,11.6,67154822.0
fazekni01,0.4,26,4.1,427163.0
feickja01,0.7,201,4.5,9897250.0
feitlda01,0.5,275,4.3,668700.0
feliccr01,0.7,212,4.6,9243226.0
felixca01,0.6,7,2.7,957384.0
feltora01,5.2,971,11.2,51777125.0
fergute01,0.7,135,5.2,1785000.0
fernaru01,2.2,249,9.1,5676523.0
ferrero01,0.1,12,0.8,100000.0
ferredu01,0.9,583,6.4,9400000.0
ferreyo01,2.6,199,8.6,1754678.0
ferryda01,1.3,917,7.0,44243000.0
fesenky01,0.3,135,2.3,3517500.0
fieldke01,1.0,184,6.2,145000.0
fieldla01,1.6,255,6.8,19985799.0
finlemi01,2.9,1103,15.7,138576839.0
finnedo01,1.0,183,5.9,1856082.0
fishma01,0.5,50,3.5,547500.0
fishede01,3.0,1287,8.3,63238057.0
fitchge01,1.8,18,4.7,359858.0
fizerma01,1.2,289,9.6,12725314.0
flemive01,4.8,893,11.3,7982000.0
florelu01,0.7,16,2.2,385277.0
floydsl01,5.4,957,12.8,8350000.0
flynnjo01,3.9,163,9.2,9576000.0
footeje01,0.0,4,1.0,225341.0
forbebr01,1.4,198,8.2,1856082.0
forbega01,0.9,111,5.8,3473604.0
fordal02,0.2,73,2.5,1431334.0
fordsh02,0.0,3,1.3,116711.0
fordsh01,0.2,28,3.2,1670800.0
fordtj01,5.8,429,11.2,43534324.0
fortejo01,0.7,25,1.2,3029640.0
fortsco01,1.0,10,3.5,42009.0
fortsda01,0.7,440,8.2,42145240.0
fostegr01,0.5,656,3.9,8888959.0
fosteje01,0.9,764,4.9,50070075.0
fostero01,2.3,207,7.5,262000.0
fotsian01,0.4,28,3.9,332817.0
fournev01,2.5,457,13.5,40556245.0
fowlktr01,0.5,103,2.9,1230143.0
foxde01,5.9,154,14.6,4609200.0
foxri01,2.8,930,9.6,34029278.0
foyera01,2.8,752,10.3,34376401.0
foylead01,0.5,733,4.1,63361840.0
frahmri01,0.6,140,3.6,2405044.0
francst01,6.0,576,18.1,103501131.0
frankte01,1.0,264,6.5,856000.0
frankja01,0.4,24,1.8,673098.0
fraziti01,4.1,245,5.2,5189636.0
fredean01,0.9,147,4.9,260000.0
fredeji01,1.4,241,6.0,8654857.0
freewo01,3.7,886,20.3,1550000.0
freeljo01,0.4,151,3.2,8925000.0
freijma01,0.6,42,3.2,526540.0
fryech01,1.0,890,8.7,66549827.0
fulleto02,0.2,225,3.7,4975240.0
fultzma01,3.4,33,7.7,7026240.0
fundela01,0.6,318,6.4,15025000.0
gadzuda01,0.4,527,4.7,37609158.0
gaide01,0.0,2,0.0,92396.0
gaineco01,3.1,80,3.1,13000.0
gainere01,0.7,71,1.7,4363920.0
gainesu01,1.8,113,4.5,1450854.0
gallida01,2.0,549,15.9,93507676.0
gallola01,1.7,339,8.2,12947488.0
gamblke01,2.0,649,9.5,11800000.0
garbajo01,1.7,74,8.0,12100000.0
garceru01,0.4,13,1.2,316969.0
garcial01,1.8,10,4.7,986977.0
garcifr01,1.4,549,7.9,31044040.0
gardnth01,0.2,20,2.3,812968.0
garinpa01,0.0,5,0.0,131969.0
garlawi01,4.7,511,9.4,1977860.0
garnech01,1.4,46,1.6,242000.0
garnebi02,1.3,300,5.5,563000.0
garneke01,3.7,1462,17.8,343872398.0
garnema01,0.8,24,2.1,287500.0
garrede01,0.6,359,4.8,12947500.0
garredi02,1.7,90,3.2,1388847.0
garrito01,3.4,251,5.4,640000.0
garriki01,1.0,31,2.3,61147.0
garripa01,0.8,552,7.3,22788021.0
gasolma01,3.4,795,15.0,130825122.0
gasolpa01,3.2,1226,17.0,203449761.0
gatlich01,0.7,700,10.3,29498827.0
gattike01,0.9,494,7.9,6919000.0
gayru01,2.2,879,17.6,126958969.0
gazean01,0.4,26,1.7,810000.0
gbinimi01,0.2,9,0.4,1150000.0
gearyre01,1.1,101,2.1,492250.0
geeal01,1.1,417,6.6,12619492.0
geigema01,0.7,552,9.2,44404000.0
gelabmi01,0.8,145,4.6,2051298.0
georgde01,0.9,630,5.6,28656380.0
georgpa01,3.3,604,19.8,81369999.0
georgta01,1.8,177,4.2,2073260.0
georgma01,0.2,47,1.6,1401549.0
gervide01,0.5,77,8.8,155000.0
gervige01,2.6,1060,25.1,1637000.0
gibsoda01,2.0,397,7.8,22100174.0
gibsojo01,1.4,21,6.7,725432.0
gibsomi01,0.2,64,1.6,80000.0
gibsota01,1.0,737,9.8,52508971.0
giddejr01,0.3,38,1.9,1986000.0
gildetr01,0.0,2,1.0,26917.0
gilesha01,1.5,58,7.0,1859400.0
gilled01,1.2,187,3.1,2078299.0
gillke01,3.0,966,13.4,43466195.0
gillebe01,0.1,24,1.0,100000.0
gilliar01,1.2,929,13.7,24590600.0
gilmoar01,2.3,1329,18.8,2132000.0
ginobma01,3.8,1057,13.3,127539615.0
giricgo01,1.5,384,9.6,18940000.0
gladnmi01,0.2,26,2.2,248263.0
glassge01,1.5,201,7.7,2658000.0
gloucge01,0.7,49,4.9,175000.0
glovedi01,1.5,294,8.2,5628717.0
glynian01,0.1,13,1.3,161061.0
gminsmi01,1.3,938,11.7,11865000.0
goberru01,1.3,406,11.1,27478087.0
godfrda01,0.0,11,1.2,100000.0
goldwan01,2.8,266,6.3,911290.0
gomesry01,1.5,487,10.1,22567540.0
gondrgr01,1.3,91,5.0,125000.0
goodedr01,1.1,790,11.0,67930972.0
goodrst01,0.5,21,1.1,470379.0
goodwar01,1.2,165,6.3,5721023.0
gordoaa01,2.2,341,12.5,18019460.0
gordobe01,2.5,744,14.9,84617019.0
gordodr01,0.2,9,1.9,40000.0
gordoer01,2.9,629,16.7,95984891.0
gordola01,1.5,201,5.6,200000.0
gortama01,1.1,806,9.9,81526662.0
goudean01,0.5,49,4.0,674204.0
grahagr01,1.0,207,4.5,5600000.0
grahajo01,0.5,377,5.9,8804185.0
grahapa01,2.0,179,8.4,1225000.0
grahast01,0.5,239,4.0,3782274.0
grahatr01,0.8,125,4.1,1931082.0
grandji01,0.3,26,3.0,115000.0
grandro01,0.6,105,2.4,762250.0
grangda01,1.9,586,16.8,70830790.0
grantbr01,1.2,756,10.5,109842052.0
grantga01,5.5,552,7.9,10180969.0
grantgr01,2.7,274,2.8,720000.0
grantha01,1.6,783,9.9,22927875.0
grantho01,2.2,1165,11.2,67957213.0
grantje01,1.0,383,8.8,4234674.0
grantje02,2.9,273,6.1,4929240.0
grantjo01,0.5,53,3.0,150000.0
grantpa01,0.2,16,1.8,3060301.0
grayaa01,0.7,318,3.4,13065995.0
grayde01,0.3,27,2.5,238423.0
grayed01,0.8,60,6.2,2497320.0
grayjo01,2.4,5,6.4,101376.0
grayst01,0.4,386,2.3,1113200.0
graysy01,2.1,55,8.0,160000.0
grayeje01,1.4,438,7.4,3220000.0
greenac01,1.1,1278,9.6,41218276.0
greenda02,1.6,620,9.0,42693631.0
greende01,0.3,27,0.9,398762.0
greendr01,4.9,533,9.1,48671178.0
greener01,0.8,52,3.1,706754.0
greenge01,0.9,658,9.7,19552408.0
greenja01,0.9,299,8.4,10418509.0
greenje02,1.6,860,13.2,67430743.0
greenke02,0.3,60,4.4,245633.0
greenli01,1.2,148,2.9,637500.0
greenri01,5.5,946,9.4,1682000.0
greense01,0.5,84,4.2,885000.0
greensi02,0.9,679,7.5,7200000.0
greenta01,0.6,17,1.6,427163.0
greenwi01,1.4,731,8.3,23473246.0
greendo01,0.7,253,6.1,5147896.0
greenor01,1.2,131,2.5,1115037.0
greenda01,2.0,823,10.2,3300000.0
greerly01,1.3,41,4.1,664209.0
gregocl01,0.6,25,5.4,75000.0
greveke01,1.9,672,11.0,383000.0
griffad01,1.4,477,4.0,9255728.0
griffbl01,4.5,604,21.9,126191307.0
griffed01,0.8,303,7.2,15280806.0
griffta01,0.1,8,1.3,457588.0
griffda01,2.1,765,16.2,3433000.0
grimmde01,0.0,9,1.6,242000.0
grunfer01,2.0,693,7.4,525000.0
gudmupe01,1.0,150,4.6,450000.0
guglito01,2.8,763,13.0,80594535.0
guibean01,0.5,22,2.7,175000.0
guidija01,0.3,64,1.5,390000.0
gutiejo01,1.5,47,2.9,361130.0
guytoaj01,1.8,80,5.5,801567.0
haddaha01,0.3,151,2.2,7600000.0
haffnsc01,1.8,50,4.3,75000.0
hairsma01,0.5,62,2.4,1087511.0
hairspj02,0.5,111,6.0,2362694.0
haislma01,0.2,89,3.5,5788557.0
haleyja01,0.2,341,3.5,2747250.0
hallmi01,0.5,2,1.0,135895.0
hamda01,0.5,417,2.7,6858410.0
hamerst01,0.2,35,2.2,220000.0
hamiljo02,0.8,151,5.9,3667019.0
hamilju01,0.8,113,6.1,4816482.0
hamilri01,3.4,921,17.1,109499376.0
hamilta01,0.6,9,2.2,60881.0
hamilth01,0.5,33,3.2,510000.0
hamilze01,0.2,134,4.4,2405122.0
hammige01,0.3,8,1.8,250000.0
hammoto01,0.6,687,5.3,11715000.0
hammoaj01,0.2,22,2.2,1962611.0
hancoda01,0.7,133,3.5,622500.0
handlbe01,0.5,38,4.3,402022.0
hansbbe01,0.8,28,2.0,473604.0
hansbty01,0.4,428,6.7,16746078.0
hansebo01,1.6,575,6.9,2570000.0
hansetr01,0.5,41,3.0,366931.0
hanzlbi01,2.8,748,7.2,1976332.0
haranlu01,0.5,70,3.6,2290188.0
hardaan01,5.0,704,15.2,120469142.0
hardati01,8.2,867,17.7,46661390.0
hardati02,1.8,403,13.1,22533525.0
hardeja01,6.2,765,24.3,117809888.0
harklma01,0.9,475,7.3,27475385.0
harpede01,5.5,1199,13.3,18769700.0
harpeju01,0.2,22,2.0,1392889.0
harpero01,3.9,1009,13.8,33796000.0
harprma01,1.4,665,11.5,48217041.0
harremo01,1.2,255,11.2,3516382.0
harrejo01,0.3,75,3.5,1712094.0
harriad01,0.6,19,1.6,140636.0
harrial01,1.7,981,13.5,90319819.0
harriju01,3.1,140,5.2,1435060.0
harriot01,0.6,709,7.4,24175200.0
harride01,3.9,985,10.8,73671268.0
harriga01,2.1,312,12.4,7312615.0
harrijo01,1.5,262,9.4,4234674.0
harrilu01,1.4,800,7.2,19970000.0
harrima01,1.4,93,6.2,716040.0
harrimi01,0.2,54,3.4,64978.0
harrist01,1.1,207,7.0,340000.0
harrite01,0.8,42,2.3,660260.0
harrito02,1.9,546,15.4,56069074.0
harrito01,0.6,14,4.9,150000.0
harriaa01,0.5,35,2.3,1075243.0
harrian01,2.8,145,7.0,2257611.0
harrida01,0.2,189,5.0,4428916.0
harrish01,2.0,96,6.5,267160.0
hartja01,2.3,341,4.8,11589522.0
hartjo01,1.3,130,7.9,1394520.0
harvean01,0.3,187,3.0,3019711.0
harvedo01,0.8,205,5.6,3445639.0
haskisc01,0.2,27,2.0,3219000.0
hasleud01,0.9,854,7.6,57975299.0
hassetr01,1.8,644,5.8,27583931.0
hastisc01,0.5,578,2.8,2320000.0
hastoki01,0.3,27,1.2,3814080.0
hawessp01,1.9,684,8.7,47772047.0
hawkihe01,2.9,983,14.7,30551200.0
hawkiju01,0.8,58,2.3,587435.0
hawkimi01,1.6,75,1.8,1238529.0
hayesch01,1.2,644,3.7,30767542.0
hayesja01,1.1,427,8.3,13376687.0
hayesni01,0.7,9,3.0,243536.0
hayesst01,0.4,212,2.6,100000.0
haywago01,3.4,589,15.1,87007793.0
haywala01,0.5,72,2.9,3372973.0
haywobr01,0.5,816,6.8,64826373.0
headlu01,2.1,348,8.2,6986339.0
healsh01,0.8,49,2.0,779615.0
hendeal01,0.6,652,7.8,50546560.0
hendece02,1.6,260,7.3,8600000.0
hendeda01,1.5,22,5.7,75000.0
hendege01,3.6,871,8.9,1089250.0
hendege02,1.9,535,11.2,37412847.0
hendejr01,0.7,30,3.2,287500.0
hendeke01,1.5,22,3.0,75000.0
hendrma01,0.6,114,3.3,734764.0
henryca01,0.1,28,2.8,85000.0
henryco01,1.1,93,3.3,120000.0
henryxa01,0.6,185,5.7,7597040.0
hensojo01,1.1,405,7.8,32599323.0
hensost01,2.0,238,3.1,992250.0
hernaju01,0.6,157,5.1,4064280.0
hernawi01,1.1,178,7.0,2810750.0
herrech01,2.4,70,3.2,618844.0
herreca01,0.6,465,5.3,10887500.0
herrmwa01,0.4,152,5.4,5744000.0
hezonma01,1.3,277,7.3,11729640.0
hibbero01,1.3,662,10.0,70684162.0
hicksjj01,0.8,534,9.5,27153724.0
hieldbu01,2.0,244,14.9,7192680.0
higgico01,0.9,44,3.7,518439.0
higgiro01,1.6,779,9.0,2065800.0
higgise01,1.0,220,6.3,1672250.0
hilarne01,1.8,965,11.3,129124129.0
hillge01,3.2,726,11.2,65331400.0
hillgr01,4.1,1026,16.7,142854650.0
hilljo01,0.8,409,7.9,32116067.0
hillso01,1.5,305,5.9,27386153.0
hillst01,0.0,1,2.0,148238.0
hillty01,0.8,801,9.4,51006229.0
hinriki01,4.8,879,10.9,71692268.0
hinsoro01,1.0,507,14.2,8510500.0
hitero01,0.7,12,4.3,412718.0
hobsoda01,1.2,5,0.8,348962.0
hodgedo01,0.8,249,4.7,3830000.0
hodgeju01,0.8,23,1.2,2383560.0
hodgecr01,2.5,695,8.5,2590000.0
hoibefr01,1.6,541,5.4,10432079.0
holcora01,0.0,4,0.5,52033.0
holidjr01,6.4,652,15.6,74245163.0
holidju01,1.5,357,8.1,7394863.0
holliry01,0.3,518,3.7,13414962.0
holliro01,2.0,234,9.9,4202462.0
holmeri01,0.9,226,7.7,3547213.0
holtomi01,3.0,325,6.2,670000.0
honeyje01,0.7,54,5.1,1060000.0
honeyty01,0.4,24,1.2,1684875.0
hoodde01,0.0,2,0.0,49721.0
hoodro01,1.9,320,12.6,6432184.0
hoppeda01,0.6,169,5.0,1175000.0
hopsode01,1.6,334,10.9,2983350.0
hopsosc01,0.7,3,0.7,74159.0
horfoal01,3.2,786,14.1,131799522.0
horfoti01,0.1,63,1.5,107000.0
hornaje01,4.9,1077,14.5,25962400.0
hornede01,0.0,8,0.6,91642.0
horryro01,2.1,1107,7.0,53745000.0
houseed01,1.6,717,7.5,14158572.0
houstal01,2.4,839,17.3,117556500.0
houstby01,0.5,214,3.9,2600000.0
hovasto01,0.0,2,0.0,6140.0
howarbr01,0.9,95,6.0,200000.0
howardw01,1.5,1044,17.4,213765862.0
howarjo01,1.6,507,14.3,40442778.0
howarju01,2.2,1208,13.4,151465633.0
howarst01,0.2,120,2.8,593350.0
hubbaph01,1.3,665,10.9,1325060.0
hudsole01,1.2,57,4.7,641552.0
hudsotr01,3.4,517,9.0,29135440.0
huertma01,3.1,76,3.9,2025093.0
huestjo01,0.3,76,2.5,3803102.0
huffmna01,0.7,7,3.3,3409458.0
hugheri01,0.9,68,5.2,177830.0
hugheed01,1.6,97,3.1,100000.0
hughela01,3.1,727,14.1,84845538.0
hugheri02,0.4,21,3.9,115423.0
hummero01,0.5,98,3.9,1030000.0
humphry01,0.2,85,2.3,3430200.0
humphja01,5.5,788,11.1,7832500.0
humphkr01,0.7,800,6.7,62188258.0
huntebr01,0.3,67,3.3,986977.0
huntech01,0.6,60,4.5,632455.0
hunteli01,2.7,937,8.5,34640600.0
hunteot01,0.0,23,1.4,749678.0
huntest01,0.2,400,4.5,22365366.0
hurlebo01,3.3,269,3.8,16950000.0
hustoge01,5.1,496,8.8,90000.0
iavarma01,1.0,531,4.4,720000.0
ibakase01,0.7,753,12.3,75127391.0
iguodan01,4.4,1108,12.1,136139074.0
ilgauzy01,1.1,843,13.0,124487723.0
ilicmi01,0.0,5,0.0,1664000.0
mbengdj01,0.2,234,1.8,10673747.0
ilyaser01,1.1,745,10.6,53816207.0
inglejo01,3.4,406,8.0,19143700.0
inglida01,0.5,20,1.8,1675000.0
ingraan01,1.2,6,4.0,13824.0
ingrabr01,2.9,190,13.9,10801080.0
irvinby01,0.8,87,5.2,375000.0
irvinky01,5.7,508,22.2,74605018.0
isaacjo01,1.0,102,8.5,4186320.0
isselda01,2.4,1218,22.6,614000.0
iuzzomi01,4.3,122,9.0,523500.0
iversal01,6.2,914,26.7,154494445.0
iveyro01,1.0,492,3.3,8165468.0
iwundwe01,1.0,130,4.4,1050000.0
jackja01,4.6,867,10.8,47430938.0
jacksaa01,1.0,1,8.0,4608.0
jacksbo01,2.6,755,9.7,36689368.0
jacksce01,1.2,12,1.7,53834.0
jacksda01,0.2,138,2.2,2040809.0
jacksfr01,1.1,61,8.1,815615.0
jacksja01,1.2,431,5.5,8054267.0
jacksje01,1.4,135,1.9,2253374.0
jacksji01,3.2,885,14.3,31245511.0
jacksjo02,1.9,156,12.3,5090040.0
jacksju01,1.1,149,7.0,2365560.0
jackslu02,0.8,73,3.5,6185276.0
jacksma02,0.8,387,8.4,24691969.0
jacksma01,8.0,1296,9.6,40375100.0
jacksmi02,2.2,89,2.1,115000.0
jackspi01,2.4,8,4.4,1255498.0
jacksra02,0.3,28,4.1,403000.0
jacksre01,4.4,530,12.9,50820652.0
jacksst02,3.1,858,15.1,68627254.0
jacobca01,1.1,287,5.2,3892319.0
jacobsa01,0.5,68,4.2,2071227.0
jamerda01,0.7,90,3.4,3408000.0
jamesbe01,0.1,92,2.2,2414585.0
jamesda01,0.7,39,3.8,2449658.0
jameshe01,0.4,212,6.1,2360100.0
jamesje01,0.3,358,4.3,44755150.0
jamesle01,7.2,1198,27.2,237020472.0
jamesmi01,3.5,595,9.9,32291974.0
jamesti01,0.3,43,1.6,2454892.0
jamisan01,1.6,1083,18.5,142545596.0
jamisha01,0.3,37,1.9,901875.0
jaricma01,3.6,447,7.1,43650000.0
jasiksa01,2.9,138,6.8,8000000.0
jawaina01,0.5,45,2.8,1178534.0
jeffech01,0.4,72,3.9,1622160.0
jeffeal01,1.5,915,15.7,133019285.0
jeffeam01,0.3,12,2.3,4608.0
jeffeco01,0.3,58,3.5,928785.0
jefferi01,2.0,1181,12.6,116009560.0
jeffrja01,1.3,629,4.8,40528625.0
jenkich01,1.9,110,3.7,1235799.0
jenkiho01,0.6,15,2.8,385277.0
jenkijo01,0.8,171,5.0,5227121.0
jennibr01,5.7,555,14.1,40507340.0
jennike01,3.7,164,6.6,987500.0
jentch01,1.3,6,6.2,497500.0
jepsele01,0.0,52,1.0,2017000.0
jerebjo01,0.8,635,6.2,33219783.0
jerregr01,0.4,8,2.0,1763757.0
jetereu01,2.6,62,4.1,473604.0
jianlyi01,0.7,272,7.9,14085936.0
johnsbr01,0.6,26,2.1,90117.0
johnsal01,0.3,102,4.3,1100174.0
johnsam01,1.2,870,7.0,77062970.0
johnsan02,2.9,793,5.6,19245614.0
johnsar02,1.2,47,3.3,1235799.0
johnsav01,5.5,1054,8.4,36400400.0
johnsbr02,0.1,21,2.2,2605080.0
johnsbu01,1.7,505,9.1,3130000.0
johnsca01,1.5,15,1.8,168035.0
johnsch03,0.2,71,2.9,2289960.0
johnsch04,0.6,147,4.4,1342209.0
johnscl01,1.0,761,5.4,1320000.0
johnsda04,0.3,31,1.8,815615.0
johnsda01,0.3,59,3.5,1150000.0
johnsde02,0.0,5,1.2,111871.0
johnsde01,5.0,1100,14.1,2855500.0
johnsde03,0.9,344,6.2,9283842.0
johnsed02,5.1,675,15.1,766000.0
johnsed03,2.1,1199,16.0,10026700.0
johnser02,0.5,845,4.1,32326654.0
johnsfr01,4.2,596,8.3,1827000.0
johnsge02,1.0,904,4.8,140000.0
johnsiv01,0.6,125,6.5,1460799.0
johnsja02,0.2,36,3.2,2162760.0
johnsja01,2.1,602,7.9,30906806.0
johnsjo02,3.9,1276,16.0,220040806.0
johnske01,0.3,64,4.1,106000.0
johnske03,0.0,16,2.0,349458.0
johnske02,9.1,735,17.9,31708100.0
johnsla02,3.3,707,16.2,83132856.0
johnsli01,0.4,151,3.9,2887008.0
johnsma02,11.2,906,19.5,23642860.0
johnsma01,3.6,691,20.1,2000000.0
johnsmi01,3.0,904,14.1,563000.0
johnsni01,0.4,28,2.6,2332826.0
johnsom01,1.8,4,5.5,27648.0
johnsor01,0.7,103,3.2,1450316.0
johnsst04,1.5,285,7.0,8909640.0
johnsst03,1.2,626,11.7,2369000.0
johnstr01,0.7,23,2.6,276928.0
johnsty01,2.5,270,11.0,12861655.0
johnsvi01,3.3,984,12.0,6064333.0
johnswe01,1.1,609,7.0,26525283.0
johnsda03,0.3,7,0.0,192228.0
jokicni01,5.1,308,16.3,4129882.0
jonesal01,0.1,23,1.1,332817.0
jonesas01,1.5,11,4.1,150000.0
jonesbo01,2.7,941,12.1,1000000.0
jonesbo02,0.5,91,3.2,1186106.0
jonesca01,1.4,1299,7.9,1157500.0
jonesch01,0.9,726,2.5,3342500.0
jonesch02,1.0,201,5.0,650520.0
jonesch03,1.6,85,3.5,672500.0
jonesda02,0.8,624,5.4,18017231.0
jonesda03,0.6,49,3.6,2484171.0
jonesda01,2.7,657,6.6,21738907.0
jonesde01,0.3,63,3.7,473504.0
jonesdo02,1.8,80,3.1,3579960.0
jonesdo01,0.3,15,2.9,2439736.0
jonesdw02,0.1,82,1.3,1880393.0
jonesed02,2.9,954,14.8,101254222.0
jonesed01,0.9,363,9.0,440000.0
jonesfr01,2.3,430,7.5,13797254.0
jonesja02,0.5,709,5.2,25835635.0
jonesju01,0.9,471,7.1,9686693.0
joneske01,0.3,32,3.0,390027.0
jonesma01,0.6,374,4.4,65000.0
jonespe01,0.4,143,3.4,5285886.0
jonespo01,1.3,535,7.0,17261288.0
jonesso01,0.4,281,3.0,5761934.0
joneste01,1.0,234,10.4,8432468.0
jonesty01,3.3,247,5.1,4093142.0
jordaad01,2.2,10,2.1,350000.0
jordade01,0.9,819,9.6,108487889.0
jordaje01,0.3,65,2.8,1388847.0
jordami01,5.3,1072,30.1,93285000.0
jordare01,1.0,186,2.7,1029750.0
josepco01,2.8,528,6.9,27238141.0
josepga01,0.3,4,0.5,316969.0
josepkr01,0.1,10,0.9,189442.0
kamanch01,1.3,735,11.2,86527368.0
kaminfr01,1.6,282,9.8,8190100.0
kanteen01,0.8,583,11.9,72889234.0
kaponja01,0.8,509,6.7,28493023.0
karasse01,0.9,95,3.0,4601520.0
karlco01,1.0,24,2.4,782378.0
kasunma01,0.2,73,2.7,1986878.0
kaunsa01,0.1,25,0.9,2633420.0
keefead01,0.7,617,5.0,18640000.0
kelleri01,2.6,814,7.6,200000.0
kellocl01,2.9,260,18.9,1398000.0
kellyry01,1.3,163,6.0,3792478.0
kempsh01,1.6,1051,14.6,91572963.0
kemptti01,1.1,280,4.5,1547250.0
kennalu01,1.8,136,8.6,2759280.0
kennedj01,1.5,2,6.0,50000.0
kernejo01,0.0,1,0.0,716000.0
kerrst01,1.8,910,6.0,15795000.0
kerseje01,1.9,1153,10.3,15057500.0
kesslal01,0.4,210,5.2,5808000.0
ketnela01,0.1,25,1.4,515838.0
keysra01,0.8,241,5.2,935000.0
khryavi01,1.0,143,4.5,5216358.0
kiddja01,8.7,1391,12.6,187675468.0
kiddgmi01,1.2,421,8.8,46760924.0
kilpase01,1.5,157,10.3,6108580.0
kimblbo01,0.9,105,5.5,5550000.0
kimbrst01,0.5,13,1.6,133000.0
kingal01,2.2,534,12.1,2755000.0
kingbe01,3.3,874,22.5,12847000.0
kingch01,1.1,103,6.7,225000.0
kingfr01,0.5,13,2.1,200000.0
kingge02,0.7,126,4.5,949500.0
kingji02,1.4,64,4.5,630000.0
kingre01,1.6,438,8.9,1000000.0
kingri01,0.3,72,1.9,2700000.0
kingst01,0.9,438,6.4,9030000.0
kinseta01,0.5,109,4.7,1429832.0
kirilan01,2.7,797,11.8,107735998.0
kirkal01,0.2,5,0.8,65000.0
kitegr01,0.5,680,2.5,4855000.0
kittlke01,2.6,507,14.1,55580373.0
klebima01,0.8,143,6.1,815615.0
kleinjo01,0.6,965,4.8,11452250.0
kleizli01,0.8,409,8.7,18860573.0
knighbi01,2.3,821,16.9,433000.0
knighbr03,4.0,421,14.5,49891757.0
knighbr01,6.1,729,7.3,35557946.0
knighne01,2.8,276,6.2,2589500.0
knightr01,0.6,371,3.4,22622500.0
kofoeba01,1.0,111,1.5,470000.0
koncajo01,1.0,784,4.5,18325250.0
kopicjo01,0.7,118,3.7,80000.0
korkmfu01,0.9,62,4.9,1465920.0
kornefr01,0.3,89,1.9,225000.0
korolya01,0.4,34,1.1,3536760.0
korveky01,1.7,1174,9.9,69147455.0
koufoko01,0.5,686,5.7,38839292.0
kravtvi01,0.2,45,2.2,1500000.0
krstine01,0.8,419,10.0,20641424.0
krystla01,1.2,420,8.2,3454000.0
kukocto01,3.7,846,11.6,61488033.0
kupchmi01,0.7,510,10.2,2300000.0
kurzro01,0.5,40,3.9,429111.0
kutluib01,0.0,5,0.0,3360000.0
kuzmaky01,2.2,147,17.3,1423560.0
kuzmiog01,0.2,37,0.9,816482.0
kuzmimi01,1.0,69,6.2,5923035.0
labissk01,1.0,115,7.6,2501451.0
laettch01,2.6,868,12.8,61485000.0
lafrera01,1.1,563,10.1,84135042.0
laimbbi01,2.0,1068,12.9,7888000.0
lambdo01,0.8,100,3.5,1438872.0
lambje01,1.5,435,10.2,22879344.0
lampje01,0.9,291,5.1,250000.0
lampema01,0.3,64,3.4,2629000.0
lamplse01,0.7,45,4.5,438822.0
landrca01,0.7,513,10.8,47927163.0
landrma01,0.0,18,2.4,457588.0
laneje01,1.5,218,5.3,1565000.0
langan01,0.6,737,6.0,15838000.0
langan02,0.3,143,2.3,1268000.0
langja01,0.2,11,1.0,771331.0
langdtr01,1.3,119,5.4,4499280.0
langfke01,0.0,2,1.0,272316.0
langhda01,0.3,133,3.0,1974040.0
laproni01,1.6,18,3.3,210995.0
larkish01,2.9,256,5.5,6114422.0
larueru01,1.6,98,5.0,390588.0
lasmest01,0.2,16,5.2,48056.0
laudepr01,0.4,74,3.4,1890200.0
lauvejo01,0.9,208,5.6,6734025.0
lavinza01,3.5,293,16.1,9647297.0
lawac01,1.6,188,3.9,7074007.0
lawalga01,0.0,1,0.0,473640.0
lawsoja01,0.3,17,1.5,267250.0
lawsoty01,6.0,551,12.7,43559556.0
laymaja01,0.5,141,4.6,1912611.0
leaftj01,0.3,111,3.4,2028360.0
leaveal01,4.8,700,9.5,750000.0
leckner01,0.5,449,4.1,2625500.0
ledori01,0.8,28,3.9,912538.0
leeco01,1.7,787,9.7,50414703.0
leeda03,0.9,47,6.8,188240.0
leeda02,2.2,829,13.5,94757596.0
leedo01,0.4,73,2.3,425000.0
leeke01,1.0,182,6.1,1274998.0
leeku01,0.7,48,1.4,120000.0
leema01,1.4,36,3.9,2146488.0
legleti01,1.3,310,7.0,5144000.0
lemonwa01,3.2,11,9.4,92160.0
lenal01,0.8,412,7.9,19960980.0
lenarvo01,2.1,565,11.9,25584983.0
leonaga01,0.1,31,1.4,330000.0
leonaka01,2.4,467,17.7,61382467.0
leoname01,0.9,393,5.6,28860459.0
lesji01,2.9,321,3.8,1479000.0
leslitr01,0.5,10,1.4,723604.0
lestero01,4.0,250,7.3,344000.0
leuerjo01,0.8,377,6.4,24727575.0
leverfa01,6.2,752,13.9,10245500.0
leverca01,3.4,168,11.1,3194760.0
levincl01,0.9,830,7.1,4300000.0
lewisma01,0.3,25,3.6,200000.0
lewisqu01,0.6,159,3.6,3203781.0
lewisra01,0.3,99,2.3,250000.0
lewisra02,1.7,1049,14.9,155332815.0
lewisre01,2.6,450,17.6,7435000.0
liberma01,0.9,267,7.3,1480000.0
lichtto01,1.4,237,7.9,2460180.0
liggide01,0.7,177,2.0,3790073.0
lillada01,6.3,549,23.5,64326649.0
linje01,4.3,480,11.6,51942991.0
listeal01,1.0,953,6.6,9138250.0
livinra01,2.0,203,3.8,1339200.0
livinsh01,3.0,833,6.3,49456686.0
llamaho01,0.2,28,2.1,697250.0
lloydle01,2.9,388,13.2,365000.0
lockhia01,0.0,1,4.0,393000.0
lohaubr01,1.1,656,5.9,5458000.0
longar01,0.5,98,3.5,720093.0
longgr01,1.7,1003,9.5,21112635.0
longjo01,1.9,893,13.6,2057700.0
longsh01,0.7,18,8.2,96969.0
longllu01,1.5,567,7.2,42784900.0
looneke01,1.0,204,4.5,3786182.0
lopezbr01,1.5,717,17.3,117704487.0
lopezfe01,1.0,249,5.8,2634405.0
lopezra01,3.8,113,6.5,3941313.0
lopezro01,0.8,766,9.1,65035194.0
loveke01,2.3,657,18.3,122202444.0
lowryky01,6.1,856,14.4,93461621.0
lucasjo01,7.0,928,10.7,1181000.0
lucasma01,2.4,1021,14.6,1520500.0
lucasjo02,1.5,242,4.7,5750579.0
luety01,3.1,554,8.5,21382580.0
luwawti01,0.9,171,5.7,2713560.0
lydonty01,0.2,26,0.9,1579440.0
lylestr01,1.1,288,7.6,7021800.0
lynchge01,1.4,774,6.6,27695000.0
lynchke01,1.1,95,3.3,575000.0
mcclesh01,0.5,30,3.0,1856082.0
maccuto01,0.5,223,6.1,27953375.0
machasc01,0.9,10,1.8,192228.0
macijar01,0.3,19,2.3,3500000.0
macksa01,1.3,259,7.8,1877098.0
macksh01,3.1,456,6.6,14814820.0
mackema01,0.0,22,1.5,550000.0
macklve01,0.2,23,2.0,473604.0
macledo01,1.3,319,10.9,16033350.0
maconma01,1.7,251,6.7,7501000.0
macyky01,4.0,551,9.5,610000.0
maddoti01,0.6,9,1.2,349458.0
madkige01,1.4,48,1.7,1090000.0
madsema01,0.4,453,2.2,15788725.0
maggeco01,2.1,827,16.0,89131524.0
magloja01,0.6,680,7.2,39323630.0
mahinia01,0.5,580,5.0,52395591.0
mahorri01,1.0,1117,6.9,8517000.0
majerda01,2.9,955,11.4,28335000.0
majorre01,0.0,1,5.0,20133.0
makerth01,0.6,195,4.6,5252760.0
malonje01,2.4,905,19.0,14023666.0
malonka01,3.6,1476,25.0,105933378.0
malonmo01,1.3,1455,20.3,18141750.0
malonma01,2.9,295,7.4,17389676.0
mannida01,2.3,883,14.0,59695666.0
manniri01,0.2,55,3.3,247500.0
mannipa01,1.1,216,3.1,70000.0
marblde01,0.7,44,2.2,1729938.0
marbust01,7.6,846,19.3,151115945.0
marcisa01,2.2,363,12.8,14337000.0
mariosh01,1.9,1163,15.2,134936762.0
marjabo01,0.6,186,6.2,15200000.0
markkla01,1.3,120,16.7,3821640.0
markoda01,0.2,30,1.7,412718.0
marksse01,0.2,230,2.8,9588092.0
marshdo02,0.3,119,2.5,1190000.0
marshdo01,1.4,957,11.2,72417867.0
marshke01,4.9,160,5.0,6984685.0
marshra01,0.4,63,2.7,1062971.0
martibi01,0.7,84,4.7,150000.0
martibo01,0.3,54,2.1,250000.0
martica01,0.5,243,5.1,4473780.0
martida01,2.9,514,6.9,6600184.0
martija01,0.6,184,5.4,3988382.0
martije01,0.8,143,6.7,210000.0
martike01,1.9,757,12.3,113035975.0
martike02,1.9,714,17.4,82036051.0
martima01,0.7,69,3.0,500000.0
mashbja01,4.0,611,19.1,75623634.0
masonan01,3.4,882,10.9,45045948.0
masonde01,1.6,643,12.1,37641002.0
masonfr01,2.6,90,6.8,1184385.0
masonro01,1.3,518,6.3,13708897.0
masseto01,0.4,683,6.2,12091098.0
matthwe01,4.2,465,7.9,205000.0
matthwe02,2.2,724,13.7,84368364.0
maxeyma01,0.2,98,4.9,975000.0
maxieja01,0.4,618,5.6,28614821.0
maxwece01,2.2,835,12.5,1886000.0
maxweve01,3.4,855,12.8,12947000.0
mayse01,1.0,119,6.9,8768068.0
maybele01,3.6,496,5.1,6935000.0
mayesth01,1.5,24,4.1,130000.0
maynoer01,2.8,267,4.3,10714841.0
mayooj01,2.9,547,13.8,46149437.0
maystr01,2.8,115,11.1,3000000.0
mbahalu01,0.9,686,6.4,26059307.0
mcadobo01,2.3,852,22.1,923000.0
mccalra01,2.4,154,6.0,2006645.0
mccanbo01,0.6,178,4.2,655000.0
mccanra01,1.3,249,10.0,7581406.0
mccarke01,0.0,2,2.0,287500.0
mccarwa01,1.1,593,5.2,15217495.0
mccasam01,0.3,114,1.8,3655987.0
mccawpa01,1.2,157,3.7,1856082.0
mccladw01,1.5,45,3.5,115000.0
mccloge01,2.3,766,9.0,15242150.0
mccolcj01,2.9,411,17.8,34445032.0
mccontj01,4.7,314,6.4,2871111.0
mccorti01,1.0,483,8.3,4913333.0
mccoyje01,0.5,260,4.6,3955935.0
mccrach01,0.0,5,0.0,161061.0
mccraro01,3.6,768,11.7,6355000.0
mcculch01,0.3,59,3.3,3803102.0
mcdancl01,0.6,12,2.5,200000.0
mcdanxa01,2.0,870,15.6,12208000.0
mcdankj01,0.6,148,5.3,7274002.0
mcderdo01,0.8,341,7.8,10436434.0
mcdonbe01,1.3,176,6.0,135000.0
mcdyean01,1.3,1015,12.0,116638859.0
mcfariv01,0.1,11,1.4,412718.0
mcgarmi01,0.3,52,4.4,4389120.0
mcgeeja01,0.4,633,8.0,55098277.0
mcgeemi01,1.2,520,9.6,1200000.0
mcgratr01,4.4,938,19.6,162978278.0
mcgruro01,1.6,162,6.7,1856082.0
mcguido01,1.2,342,2.7,4178739.0
mchalke01,1.7,971,17.9,14200000.0
mcilvji01,0.3,401,2.7,32125000.0
mcinnje01,4.4,576,9.4,20043940.0
mckenke01,1.4,243,5.4,235000.0
mckeyde01,2.4,937,11.0,37681000.0
mckieaa01,2.7,793,7.4,51962874.0
mckinbi01,3.5,476,8.0,125000.0
mckintr01,0.0,1,0.0,46080.0
mckinal01,0.4,86,4.2,815615.0
mclembe01,1.1,368,8.8,18287722.0
mcleoke01,2.7,200,5.5,4643609.0
mcleoro01,1.1,113,7.2,4142361.0
mcmilna01,6.1,796,5.9,10459000.0
mcmilto01,1.1,729,8.1,215000.0
mcnamma01,0.3,278,3.5,465000.0
mcneaje01,0.3,6,1.5,29843.0
mcphepa01,0.7,55,4.8,316969.0
mcraejo01,0.9,86,4.9,1109384.0
mcrobjo01,2.1,433,5.4,34288647.0
medvest01,0.5,263,5.3,10347951.0
meeda01,0.5,40,1.9,400000.0
meeksjo01,1.1,539,9.3,27416584.0
meentsc01,0.4,39,1.8,300000.0
mejrisa01,0.5,204,3.4,2871111.0
mekelga01,2.2,35,2.3,2397736.0
melofa01,0.0,6,1.2,3791912.0
mensapo01,0.2,61,3.0,1107378.0
mercero01,2.1,432,13.6,35230160.0
meriwjo01,0.9,670,8.1,225000.0
meyerlo01,0.6,140,4.6,2367760.0
mickejo01,0.3,64,2.4,3895035.0
middlkh01,3.2,455,15.7,46477719.0
mihmch01,0.5,436,7.5,25391705.0
milesaa01,1.3,19,0.8,155614.0
milescj01,1.1,838,9.6,42202765.0
milesda01,1.9,446,10.1,61999973.0
milicma01,0.3,44,2.5,592000.0
milicda01,0.9,468,6.0,52323642.0
millean02,6.5,1304,12.5,98114732.0
millean01,0.4,181,2.8,1551368.0
millebr01,2.8,868,11.2,91247500.0
milleda01,1.4,253,6.0,3762476.0
millemi01,2.6,1032,10.6,93176913.0
milleol01,2.2,493,7.4,7145338.0
millequ01,0.5,69,4.3,1677828.0
millere01,3.0,1389,18.2,104522748.0
millsch01,1.9,568,11.2,37370000.0
millspa02,2.4,605,8.4,25328139.0
millste01,1.3,678,10.6,15987000.0
millsel01,1.1,69,4.2,627678.0
millspa01,2.3,945,14.1,123451301.0
minerha01,1.2,200,9.0,5290000.0
mingya01,1.6,486,19.0,93390336.0
minnidi01,3.8,222,5.3,175000.0
minorgr01,1.4,277,6.9,13175000.0
mirotni01,1.3,319,12.3,29131175.0
miskija01,1.0,1,0.0,15982.0
mitchdo01,3.9,156,22.1,2621280.0
mitchmi01,1.3,759,19.8,2240000.0
mitchsa01,1.1,994,8.7,12240000.0
mitchto02,0.1,21,1.0,816482.0
moblecu01,2.7,747,16.0,67463250.0
mobleer01,0.5,113,3.9,4118000.0
mohamna01,0.4,1005,5.8,65514968.0
moisoje01,0.3,145,2.7,8074800.0
mokespa01,0.7,694,4.0,1540000.0
moncrsi01,3.6,767,15.6,4162000.0
moniase01,0.7,26,3.0,1116400.0
monkma01,1.5,136,7.9,2904480.0
monrogr01,2.1,632,13.2,73474203.0
monroro01,0.7,38,3.4,217000.0
montrer01,0.4,465,4.5,18800000.0
moonja01,1.0,286,6.3,6888680.0
mooreet01,1.8,515,8.0,20610063.0
moorejo01,7.4,520,9.4,550000.0
mooremi01,0.7,564,5.8,25300815.0
moorero01,0.1,14,1.7,75000.0
mooretr01,1.0,119,7.0,537500.0
moreler01,1.0,83,1.9,3091728.0
mornida01,0.7,23,4.2,43000.0
morrich01,1.6,747,11.0,16380000.0
morrida01,1.4,132,3.3,3184824.0
morriis01,0.2,25,2.2,140000.0
morrija01,1.1,10,3.8,193536.0
morrima03,1.5,545,11.5,23338781.0
morrima02,1.7,579,11.6,32463279.0
morrira01,0.1,74,1.9,2462770.0
morrite01,0.7,139,3.4,1768245.0
morriad01,1.4,161,7.5,16920989.0
morroan01,0.9,564,9.4,24237958.0
mortodw01,0.4,41,4.1,150000.0
mortojo01,2.7,128,4.8,806735.0
motenla01,1.5,119,6.3,601000.0
motiedo01,1.1,251,7.3,7225089.0
mottoha01,0.5,155,4.6,782819.0
moultar01,0.2,59,3.6,3267720.0
mournal01,1.1,838,17.1,143906333.0
mozgoti01,0.6,454,6.8,55331421.0
mudiaem01,4.2,246,11.8,9725520.0
muhamsh01,0.5,278,9.0,10525118.0
mulleby01,0.8,189,7.4,6813813.0
mullich01,3.5,986,18.2,40424600.0
mundtto01,0.1,33,1.1,234660.0
murdoer01,4.9,508,10.1,11147250.0
muresgh01,0.5,307,9.8,8848500.0
murpher01,0.1,24,0.3,100000.0
murphja01,0.2,67,2.4,280000.0
murphke01,0.1,17,0.9,538604.0
murphro01,0.3,18,2.0,191666.0
murphto01,1.0,191,5.5,1870000.0
murphtr01,1.5,729,10.8,66024785.0
murrade01,2.3,119,6.6,2492691.0
murraja01,3.4,238,14.8,6566160.0
murrala01,1.3,736,11.3,43518500.0
murraro01,2.3,487,9.9,9633431.0
murratr01,0.8,659,9.0,22261537.0
murryto01,0.9,56,2.6,346056.0
muscami01,0.9,307,5.7,7779454.0
mustaje01,0.6,179,4.0,3277000.0
mutomdi01,1.0,1196,9.8,143666581.0
muursma01,0.6,83,4.7,1839320.0
myerspe01,2.1,377,4.8,1642250.0
ndiayha01,0.1,33,0.6,744031.0
ndiayma01,0.3,4,1.3,672500.0
ndiayma02,0.1,69,3.8,3129600.0
ndongbo01,0.3,23,2.2,1237971.0
nachbbo01,0.9,317,7.1,11614320.0
naderab01,0.4,109,3.6,1167333.0
nailole01,1.0,306,8.6,2951110.0
najered01,0.8,619,4.9,36882819.0
nancela01,2.6,920,17.1,11563000.0
nancela02,1.7,259,7.7,3834662.0
napiesh01,2.0,289,6.4,6244560.0
nashst01,8.5,1217,14.3,146936620.0
nattca01,2.2,599,17.2,2682000.0
navarju01,2.2,82,10.9,538090.0
ndourma01,0.3,32,3.1,1505883.0
nealcr01,2.5,63,2.5,100000.0
nealga01,1.6,352,9.9,10813777.0
nealyed01,0.7,540,2.7,2250000.0
nedovne01,0.5,24,1.1,2160960.0
nelsode01,1.0,13,4.1,182047.0
nelsoja01,5.1,878,11.3,70106370.0
nembhru01,1.7,10,4.0,50000.0
nesbyty01,1.5,255,9.5,9254167.0
nestera01,1.0,811,6.8,50326401.0
netora01,1.9,199,4.8,3409182.0
nevitch01,0.1,155,1.6,548000.0
newbiiv01,0.4,134,1.5,669750.0
newblir01,0.9,380,5.1,15655404.0
newmajo01,1.5,1159,11.0,16541000.0
nichode01,0.1,18,1.2,515056.0
nichoan01,0.4,285,6.0,15760016.0
nickega01,0.3,4,3.8,152900.0
nimphku01,1.2,564,6.4,785000.0
nixonno01,8.3,768,15.7,3028000.0
noahjo01,2.8,667,8.8,104780096.0
nocioan01,1.2,514,10.5,46750000.0
noelda01,1.0,68,2.7,1100174.0
noelne01,1.2,300,8.2,18517329.0
noguelu01,0.5,141,3.2,8473305.0
nordgje01,0.2,13,1.4,242000.0
normake01,2.1,646,13.5,21165000.0
norriau01,0.8,187,4.4,110000.0
norrimo01,2.8,445,5.1,19173500.0
novakst01,0.3,467,4.7,21636397.0
nowitdi01,2.4,1522,20.7,250371801.0
ntilila01,3.1,121,5.9,3501120.0
nurkiju01,1.9,310,11.6,8473305.0
nwabada01,1.2,141,7.2,1450077.0
nwosuju01,0.1,23,1.3,150000.0
obannch01,0.6,48,2.5,640000.0
obanned01,0.8,128,5.0,3908640.0
obriejj01,0.0,2,0.0,105888.0
obryajo01,0.5,147,3.5,3361535.0
obryapa01,0.3,90,2.1,7398120.0
okoremi01,2.1,407,8.2,744000.0
onealje01,1.4,1011,13.2,168794021.0
onealsh01,2.5,1207,23.7,292198327.0
onealro01,1.5,151,5.1,815615.0
oquinky01,1.3,443,5.6,14230487.0
osullda01,0.2,45,1.8,140000.0
oaklech01,2.5,1282,9.7,46597000.0
obertfa01,0.9,336,3.2,16917680.0
ochefda01,0.2,19,1.3,593471.0
odengr01,0.5,105,8.0,24322868.0
odomla01,3.7,961,13.3,115967658.0
oggal01,0.2,80,2.2,332000.0
ohlbrti01,0.3,3,1.0,933739.0
ojelese01,0.3,129,3.0,1291892.0
okafoem01,0.8,616,12.0,90353330.0
okafoja01,0.9,190,11.5,14366640.0
okurme01,1.7,634,13.5,72935000.0
oladivi01,4.0,402,17.5,42487440.0
olajuha01,2.5,1238,21.8,110291426.0
olberma01,2.5,946,9.5,722500.0
oldhaja01,0.5,329,4.4,945000.0
olivebr01,1.0,118,3.3,1973000.0
olivede01,1.3,35,1.8,451552.0
oliveji01,0.7,78,4.2,479721.0
ollieke01,2.3,662,3.8,20131418.0
olowomi01,0.7,500,8.3,37906690.0
olynyke01,1.9,433,9.9,19928463.0
onuakar01,0.5,19,1.8,483304.0
onuakch01,0.7,6,3.0,1856082.0
orrlo01,1.5,569,9.7,1200000.0
ortizjo01,0.3,64,2.9,275000.0
ortonda01,0.5,51,2.8,2891672.0
osmande01,1.7,137,9.0,2642857.0
ostergr01,0.6,756,4.6,48251390.0
othicma01,1.8,4,2.0,13000.0
oubreke01,0.8,292,9.4,6019920.0
outlabo01,1.6,914,5.4,39279823.0
outlatr01,0.8,622,8.5,44871226.0
overtdo01,2.1,499,4.5,4800544.0
owensan01,1.0,54,3.6,1763018.0
owensbi01,2.8,600,11.7,26010200.0
owensch01,0.0,1,4.0,349458.0
owenske01,0.2,20,1.3,380000.0
owensla01,0.6,19,2.8,141770.0
owesra01,0.3,57,3.1,220000.0
oyedeol01,0.1,93,1.4,1370254.0
pachuza01,1.3,1098,6.8,57962577.0
packro01,4.6,552,8.9,22199110.0
paddige01,1.0,129,5.5,310000.0
padgesc01,0.7,448,4.2,7466257.0
palacmi01,2.5,470,4.8,4955069.0
palmewa01,0.2,48,2.1,640000.0
pankoan01,0.0,1,0.0,5000.0
papagge01,0.7,39,4.1,4763156.0
papanko01,1.5,69,3.6,5150000.0
pargoja01,2.0,499,6.4,11685203.0
pargoje01,1.8,83,4.7,2206062.0
parisro01,1.4,1611,14.5,27064666.0
parkean01,2.3,494,9.1,23401410.0
parkeja01,2.1,247,15.1,22239712.0
parkesm01,2.9,274,9.0,6497864.0
parketo01,5.6,1254,15.5,163282460.0
parksch02,0.6,472,4.4,11145371.0
parsoch01,2.8,435,12.8,77955004.0
pattean01,0.4,40,3.0,1171000.0
pattela01,1.1,40,2.3,753716.0
pattepa01,1.1,622,6.9,32327303.0
patteru01,1.8,649,10.7,36858397.0
pattoju01,0.8,4,1.8,2247480.0
paulbr01,0.6,64,2.3,970615.0
paulch01,9.7,950,18.5,184988477.0
pavloal01,0.9,567,4.9,19693500.0
paxsoji02,2.9,784,14.3,2000000.0
paxsojo01,3.6,772,7.2,4872000.0
payneca01,2.5,153,6.0,6337440.0
payneke01,0.4,144,3.5,1310000.0
paytoel01,6.6,342,11.1,10849500.0
paytoga01,6.7,1335,16.3,104367619.0
pecheol01,0.2,111,3.9,4340160.0
peelean01,2.4,827,9.7,24101312.0
pekovni01,0.7,271,12.6,61740800.0
penbemi01,1.3,56,4.9,345374.0
penneki01,0.3,6,0.8,8950.0
peplomi01,0.4,68,2.9,397500.0
perduwi01,0.8,792,4.7,22370725.0
perkike01,1.0,782,5.4,57268448.0
perkisa01,1.5,1286,11.9,33859600.0
perovko01,0.1,7,1.4,1800000.0
perryel01,3.1,549,6.3,11699000.0
perryti01,0.9,481,6.8,8100000.0
persoch01,2.8,943,14.7,22917826.0
persowe01,1.7,733,11.2,45095000.0
peterji01,1.0,491,6.9,7097000.0
petermo01,1.5,711,10.7,41870159.0
petrojo01,0.5,473,4.7,15845294.0
petrodr01,2.4,290,15.4,5490000.0
petruri01,0.0,22,2.4,205000.0
phelpmi01,1.0,132,3.6,70000.0
phillbo01,2.7,467,11.0,25917000.0
piatker01,1.0,789,7.5,27548938.0
piercpa01,3.5,1343,19.7,198120632.0
piercri01,1.9,969,14.9,12925000.0
pietrmi01,0.8,557,8.3,34658719.0
pincked01,0.9,793,6.8,9486000.0
pippesc01,5.2,1178,16.1,109192430.0
pittmch01,0.9,234,4.5,185000.0
pittmde01,0.2,50,2.3,2090188.0
planizo01,1.1,148,3.8,3311280.0
pleisti01,0.2,12,2.0,6500000.0
plumlma01,2.2,471,8.5,20440866.0
plumlmi01,0.5,346,4.9,30473974.0
plummga01,0.5,126,4.2,250000.0
podkopa01,0.0,6,0.7,2803440.0
poeltja01,0.8,213,5.4,5529600.0
pollasc01,0.4,506,4.4,38060161.0
polynol01,0.7,1058,7.8,21190000.0
pondequ01,0.7,355,4.5,19686879.0
popema01,0.4,153,1.9,4432010.0
popsoda01,0.3,41,1.9,80000.0
poquebe01,1.2,718,6.8,568000.0
portech01,1.2,51,8.6,782819.0
porteot01,1.5,399,11.0,44078671.0
portete01,5.6,1274,12.2,26801700.0
portibo01,1.1,249,10.2,4361160.0
porzikr01,1.3,186,17.8,12953040.0
poseyja01,1.6,864,8.6,57051806.0
postela01,0.2,61,3.2,1370254.0
potapvi01,0.7,610,6.5,40637644.0
powele01,0.3,239,6.2,3688078.0
poweldw01,0.9,331,7.5,18730520.0
poweljo01,0.5,316,3.9,4826990.0
powelno01,1.2,255,7.1,2996018.0
powelro01,0.0,3,0.7,412718.0
poythal01,0.5,52,3.8,852952.0
presspa01,5.1,724,10.6,3844000.0
pressph01,2.9,148,3.2,1135665.0
pressha01,2.1,299,9.0,505000.0
priceaj01,2.2,261,5.8,3021844.0
pricebr01,3.0,418,5.9,20456750.0
pricema01,6.7,722,15.2,29709920.0
pricero01,1.8,544,3.7,16597596.0
prigipa01,2.8,270,3.5,5760224.0
princta01,2.4,1017,11.1,81675782.0
pritcke01,1.6,94,3.6,631000.0
profila01,1.2,135,3.3,2931019.0
pruitga01,0.8,62,2.0,1361517.0
przybjo01,0.4,592,3.9,44705467.0
pullaan01,0.3,8,2.1,140000.0
purviro01,1.1,16,6.0,161280.0
qizh01,0.1,19,1.3,815615.0
quartti01,0.6,19,1.8,96406.0
quinnch01,1.9,241,4.5,3989733.0
quinnbr01,0.6,138,3.4,810000.0
rabbiv01,1.0,85,5.7,950000.0
radjadi01,1.6,224,16.7,19729500.0
radmavl01,1.4,737,8.0,43101141.0
radojal01,0.5,15,1.7,4995526.0
radulmi01,0.4,53,3.6,1248143.0
rakocig01,0.8,42,1.9,349458.0
rambiku01,1.1,880,5.2,5330000.0
ramospe01,0.0,6,1.8,1644776.0
randama01,0.4,127,2.6,1630000.0
randlch01,1.7,75,5.4,541171.0
randlju01,2.7,311,15.4,13545962.0
randoan01,0.7,252,7.1,13673791.0
randosh01,0.2,146,2.3,4876558.0
randoza01,1.8,1116,16.6,187432457.0
ranseke01,5.2,474,11.4,317500.0
rasmubl01,0.9,532,9.6,14931000.0
rathaxa01,3.6,5,5.8,46080.0
ratlith01,0.6,810,7.2,102351958.0
rautian01,0.6,5,1.6,1388872.0
rayal01,0.9,47,6.2,412718.0
rebraze01,0.4,215,5.9,20290000.0
recasel01,1.8,296,5.9,4399200.0
reddmi01,2.1,629,19.0,101991325.0
redicjj01,2.0,836,12.9,79158008.0
reedda01,0.5,31,2.4,815615.0
reedju01,0.5,136,3.5,5336525.0
reedwi02,0.3,152,4.9,3434354.0
reevebr01,1.6,395,12.5,55638898.0
reevekh01,3.2,277,7.8,9013309.0
reiddo01,0.4,403,3.6,6111000.0
reidjr01,1.0,672,8.5,18071000.0
reidro01,2.7,919,11.4,1855000.0
reidry01,0.0,5,1.6,475000.0
reineja01,0.3,46,1.2,1024794.0
renchte01,1.5,36,2.9,200000.0
rentzef01,0.2,35,1.5,3050085.0
respesh01,1.0,172,4.9,4251120.0
reynoje01,2.0,443,9.1,6272166.0
rhodero01,1.7,72,5.3,1917200.0
ricegl01,2.1,1000,18.3,68323900.0
ricegl02,0.6,16,2.7,400000.0
richach01,0.4,70,1.9,470482.0
richacl01,2.5,586,7.0,375000.0
richaja01,2.7,857,17.1,105356093.0
richaje01,0.1,45,1.9,1796318.0
richajo01,2.9,259,12.1,2871111.0
richama01,0.3,70,2.8,2944440.0
richami01,7.0,556,14.8,1177000.0
richano01,0.2,11,2.7,332817.0
richapo01,6.5,639,11.1,17588292.0
richaqu01,1.5,783,10.3,63054302.0
richmmi01,3.5,976,21.0,52611000.0
rideris01,2.7,563,16.7,26398797.0
ridnolu01,4.5,830,9.3,45269478.0
rileyer01,0.3,186,3.1,1342706.0
rivasra01,0.1,28,1.4,100000.0
riverau01,2.4,484,9.2,32942240.0
riverda01,2.5,114,3.4,200000.0
riverdo01,5.7,864,10.9,8409750.0
roberan03,0.9,295,4.6,14924851.0
roberan02,0.5,65,4.1,1463454.0
roberte01,0.3,3,0.0,316969.0
roberbr01,2.3,314,6.6,7900377.0
roberfr01,1.2,818,7.3,3467500.0
roberla01,0.4,87,3.8,1062971.0
roberst01,0.6,300,8.5,18889824.0
roberal01,5.0,779,14.0,6735250.0
roberry01,0.0,1,5.0,301875.0
robeyri01,1.2,493,7.6,900000.0
robinbe01,1.0,128,4.5,3107025.0
robinch01,1.4,76,4.6,920000.0
robincl01,2.0,629,17.2,2547600.0
robincl02,2.2,1380,14.2,61579625.0
robinda01,2.5,987,21.1,119000123.0
robined01,0.9,278,7.0,28761000.0
robingl01,2.7,688,20.7,80221250.0
robingl02,0.6,219,4.4,3927141.0
robinja03,0.3,6,1.0,40000.0
robinja02,1.9,381,7.6,11854167.0
robinla01,0.9,89,4.5,1356850.0
robinna01,3.0,618,11.0,24727781.0
robinru01,3.5,336,7.6,4809750.0
robinth01,0.6,313,4.9,12611701.0
robintr01,1.7,772,15.5,540000.0
rodmade01,1.8,911,7.3,26965000.0
rodrise01,3.4,353,4.9,12669835.0
roelo01,0.3,66,2.0,544912.0
rogerca01,0.6,298,7.4,11767350.0
rogerjo01,0.4,69,3.6,75000.0
rogerro01,2.0,866,10.9,26721600.0
rogerro02,0.4,137,4.8,3298140.0
rollitr01,0.6,1156,5.4,8218000.0
rondora01,8.5,825,10.4,90582884.0
rooksse01,0.8,749,6.2,17173000.0
rosede01,5.6,546,18.8,119258945.0
roseja01,3.8,923,14.3,102438250.0
rosema01,0.8,813,6.2,51088897.0
rossqu01,0.9,458,4.1,5952059.0
rosste01,1.1,492,10.5,32089837.0
rothsc01,1.2,160,4.7,75000.0
roundda01,2.0,813,14.3,1433250.0
rowsobr01,0.6,82,5.6,100000.0
roybr01,4.7,326,18.8,82889831.0
royaldo01,1.0,504,6.3,5360000.0
roziecl01,0.6,173,4.8,3557250.0
roziete01,2.3,272,7.7,5719320.0
rubiori01,7.7,498,11.1,56484046.0
ruckegu01,0.3,3,0.0,34946.0
ruddde01,2.2,239,3.4,455000.0
rudezda01,0.6,146,3.3,3229931.0
ruffimi01,0.6,414,1.7,8909115.0
ruffitr01,2.9,110,9.2,243860.0
rulanje01,3.0,332,17.4,1109000.0
ruscost01,0.4,7,1.1,415000.0
rushbr01,1.0,481,6.8,22758805.0
rushka01,1.0,346,6.4,8628927.0
russebr01,1.3,841,7.9,25806501.0
russeda01,5.1,272,16.5,15998280.0
russewa02,2.1,28,3.0,374289.0
sabonar01,2.1,470,12.0,47838481.0
sabondo01,1.9,229,10.4,4990200.0
sacrero01,0.7,189,4.2,3159067.0
sallejo01,1.2,748,7.0,15533000.0
salmojo01,2.4,895,9.3,59008801.0
salvake01,0.3,39,1.1,547500.0
samakso01,0.1,47,1.4,907803.0
sambch01,0.0,22,1.0,1224744.0
sampsja01,0.4,72,2.0,3098887.0
sampsra01,2.3,456,15.4,17244000.0
samuesa01,0.4,109,5.9,1603951.0
sanchpe01,1.3,38,0.5,1568083.0
sandeje01,0.5,55,2.0,1110000.0
sandela01,0.7,238,6.4,25443371.0
sandeme01,0.2,16,2.6,24315.0
sandemi01,1.4,648,8.0,4410000.0
santida01,0.3,122,3.4,3302819.0
saricda01,2.1,240,12.7,4740840.0
sasseja01,0.3,14,2.1,2706.0
sasseje01,0.8,82,2.5,2997009.0
satorto01,3.7,210,6.6,5870813.0
satteke01,2.3,75,4.3,845252.0
savovpr01,0.8,27,3.1,349458.0
scalabr01,0.8,520,3.1,20126688.0
scaleal01,0.0,1,0.0,24315.0
schayda01,1.1,1138,7.7,13098765.0
schefst01,0.1,174,1.9,1640000.0
schenlu01,0.3,31,1.8,55000.0
schindw01,0.4,217,2.7,5490500.0
schoeru01,0.6,290,5.1,525000.0
schrede01,3.4,1136,13.9,30458333.0
schrode01,4.6,431,13.4,23010862.0
scolalu01,1.6,743,12.0,65252186.0
scottal01,1.4,627,4.9,120000.0
scottbr01,0.2,16,1.2,632500.0
scottby01,2.5,1073,14.1,11377500.0
scottde01,2.1,629,12.9,25095000.0
scottja01,0.4,8,0.1,220000.0
scottmi01,0.9,436,7.1,12733858.0
scottsh01,0.2,105,1.8,1939350.0
scurrca01,1.1,180,4.7,70000.0
sealssh01,0.0,4,1.0,627000.0
sealyma01,1.7,493,10.1,9550000.0
sefolth01,1.4,828,5.9,39475228.0
seikaro01,1.3,678,14.7,27681000.0
selbyjo01,0.9,38,2.2,1312195.0
seldewa01,1.5,124,7.3,1427699.0
sellebr01,1.1,398,6.3,2161830.0
senesa01,0.0,47,2.2,6316560.0
serapke01,0.6,423,5.9,16300886.0
sesayan01,0.5,127,3.2,3376660.0
sessira01,4.1,691,10.3,35152193.0
seungha01,0.1,46,1.5,1386299.0
sewelto01,0.3,21,1.0,150000.0
shackch01,0.6,303,5.4,3852000.0
shakumu01,1.2,25,2.1,95120.0
shammgo01,1.8,20,3.1,242250.0
sharpwa01,0.0,8,1.0,442114.0
shaskjo01,0.3,136,3.8,675000.0
shawbr01,4.2,943,6.9,28397315.0
shawca01,0.0,9,0.2,312500.0
sheltlo01,2.2,673,12.0,815000.0
sheppje01,0.9,18,2.2,672500.0
shirlpa01,0.4,18,1.8,29832.0
shortpu01,2.5,842,17.3,2115000.0
shumpim01,1.9,446,7.3,36601294.0
shvedal01,2.5,182,7.4,9366666.0
siakapa01,2.0,216,10.1,2508651.0
siberjo01,0.0,1,3.0,100000.0
sichtje01,3.3,598,6.9,960000.0
sikmaja01,3.2,1107,15.6,8749000.0
silasxa01,0.8,4,2.8,74159.0
silerga01,0.1,21,2.1,524737.0
simiewa01,0.2,51,3.3,1800480.0
simmobe01,7.9,160,16.4,12072000.0
simmobo01,1.5,466,9.0,50395842.0
simmoce01,0.2,75,2.2,4887360.0
simmojo02,1.9,258,8.3,7699729.0
simmoli01,3.3,454,12.8,21432400.0
simonmi01,0.0,5,0.4,672500.0
simpkdi01,0.9,327,4.2,5296190.0
simsco01,0.2,5,1.2,296778.0
simshe01,1.0,135,7.6,1151865.0
singlky01,0.8,356,6.5,17639000.0
singlse01,0.8,37,2.4,442114.0
singlch01,0.6,148,4.1,4700040.0
singlja01,0.4,243,3.9,3156458.0
sivape01,1.4,24,2.3,100000.0
skilesc01,6.5,600,11.1,7892000.0
skinnbr01,0.5,608,4.7,24882526.0
slatere01,0.6,259,5.6,2541437.0
slayta01,0.5,66,2.6,1608183.0
sloando01,3.0,218,5.5,3342417.0
slokaur01,0.1,20,1.9,412718.0
smartma01,3.9,341,9.3,14831260.0
smithch01,1.4,564,14.4,24960286.0
smithch02,1.6,73,2.5,225000.0
smithch04,0.9,142,5.1,4025648.0
smithch03,2.8,224,5.1,825000.0
smithcr01,0.8,403,7.6,9392854.0
smithde03,5.0,122,14.5,3218280.0
smithde02,2.1,408,12.8,2915000.0
smithdo04,0.8,61,2.7,1066748.0
smithdo03,1.4,296,8.0,7395000.0
smithgr02,0.3,149,4.0,3144007.0
smithis01,3.8,542,7.4,17981480.0
smithjr01,2.1,971,12.5,72106390.0
smithja01,0.6,108,3.0,2141544.0
smithja02,0.7,616,6.1,31469993.0
smithjo02,1.0,1030,10.9,61220796.0
smithjo03,3.1,894,14.5,111757852.0
smithke01,5.5,737,12.8,13172100.0
smithla02,2.2,183,6.7,2320000.0
smithla01,1.1,883,6.7,4347000.0
smithle01,0.2,15,2.2,1450960.0
smithmi01,1.0,141,5.0,1800000.0
smithmi02,1.5,449,5.6,15420000.0
smithmi03,0.6,17,3.0,316969.0
smithno01,1.2,84,3.3,2711880.0
smithot01,1.8,375,10.5,1295000.0
smithre01,0.1,66,1.5,633000.0
smithru01,0.7,27,2.0,1632964.0
smithst01,3.1,942,14.3,63827900.0
smithst03,0.0,8,0.6,161061.0
smithth01,0.7,53,2.8,986977.0
smithto02,1.9,457,5.5,3567500.0
smitsri01,1.4,867,14.8,43750000.0
smrekmi01,0.3,194,2.9,835000.0
snellto01,1.0,442,6.2,16607076.0
snower01,5.0,846,6.8,51223850.0
snydeki01,1.1,211,6.3,6670033.0
soberri01,4.3,821,13.3,702000.0
solomwi01,2.0,115,5.1,1044334.0
songada01,1.2,495,6.9,25337931.0
sowpa01,0.2,76,2.9,1771576.0
spanova01,0.9,31,2.7,3744000.0
sparrro01,5.0,836,9.0,2666000.0
speigma01,0.7,705,7.9,25743588.0
spencan01,1.0,48,7.2,250000.0
spencel01,0.7,157,5.9,3757000.0
spencfe01,0.3,640,5.2,18695349.0
splitti01,1.2,355,7.9,47316000.0
sprewla01,4.0,913,18.3,97060000.0
sprigla01,1.3,169,5.2,225000.0
stackry01,0.2,43,2.3,672500.0
stackje01,3.3,970,16.9,84406843.0
stanste01,2.0,192,6.3,160000.0
starkjo01,3.6,866,12.5,25058000.0
stausni01,1.5,335,6.8,12415467.0
stepavl01,0.3,270,4.1,5759509.0
stephdj01,0.0,4,2.3,35000.0
stephev01,1.0,38,1.9,100000.0
stephjo01,0.5,22,3.2,360691.0
stephla01,2.9,508,8.6,30986672.0
stephal01,0.3,8,2.8,92664.0
steppbr01,1.2,238,5.4,100000.0
stevede01,1.6,824,7.2,27897988.0
stewake01,0.1,15,2.7,260941.0
stewala01,1.3,270,7.4,2177500.0
stewami01,0.3,286,2.2,25242000.0
stiemgr01,0.5,203,3.2,6994279.0
stipast01,2.3,403,13.2,2620000.0
stithbr01,2.0,586,10.1,32181000.0
stivral01,0.2,22,2.0,140000.0
stockda01,1.5,6,3.0,222656.0
stockjo01,10.5,1504,13.1,67753000.0
stojape01,1.8,804,17.0,97956720.0
stokeed01,0.3,4,0.8,272500.0
stokegr01,0.4,42,3.1,70000.0
stokeja01,0.3,28,2.4,1720059.0
stonedi01,0.0,7,1.4,1906082.0
stoneju01,1.1,70,1.1,2810104.0
storeaw01,0.4,60,2.4,1437838.0
stoudda01,6.1,878,13.4,99672198.0
stoudsa01,1.0,157,8.0,2187000.0
stoudam01,1.2,846,18.9,167683566.0
strawdj01,0.9,33,2.2,427163.0
stricer01,2.4,501,7.5,13089850.0
stricma01,0.4,281,4.6,8098361.0
stricro02,7.3,1094,13.2,41163317.0
stroejo01,0.5,46,1.8,75000.0
stronde01,0.6,456,6.8,20366200.0
strotla01,1.1,13,4.6,150000.0
stuckro01,3.6,651,12.6,48057071.0
sullija01,1.8,269,10.8,11994420.0
summeda01,0.3,83,3.3,1522920.0
sundobr01,0.2,102,1.7,4493990.0
sundvjo01,2.9,502,7.7,1452000.0
surabo01,3.8,657,8.6,45395918.0
suttogr01,1.7,168,4.5,564500.0
swanica01,0.5,48,2.2,1465920.0
sweetmi01,0.6,233,6.5,8633596.0
swiftro01,0.2,97,4.3,11473684.0
swiftst01,0.5,547,8.4,43190443.0
swinsaa01,0.3,9,2.7,102424.0
sypa01,0.7,3,2.3,473604.0
szabobr01,0.2,70,2.2,220000.0
szczewa02,2.4,651,14.1,74745147.0
tabakza01,0.7,247,5.0,5200000.0
tabusyu01,0.8,4,1.8,108066.0
taftch01,0.1,17,2.8,1087971.0
tarladr01,0.7,43,2.4,2500000.0
tarplro01,1.0,280,12.6,5720000.0
tatumja01,1.9,159,14.8,5645400.0
tavarwa01,0.3,13,2.5,2005145.0
tayloan01,2.0,21,6.9,100000.0
taylodo01,0.9,98,2.7,1062971.0
taylois01,2.9,71,6.3,1617611.0
tayloje03,0.8,132,6.1,2279115.0
tayloje02,0.7,65,5.4,1505871.0
taylojo01,0.5,54,4.7,3111280.0
tayloma01,1.2,534,11.0,53444118.0
taylomi01,2.1,51,5.7,500000.0
tayloty01,0.9,61,2.9,1262476.0
teaglte01,1.4,687,11.6,2150000.0
teaguje01,5.8,712,12.7,58663717.0
teaguma01,1.5,91,2.4,3381985.0
teletmi01,0.8,324,8.1,36187150.0
telfase01,3.5,564,7.4,19073889.0
templga01,1.6,514,5.9,19741101.0
teodomi01,4.0,60,8.0,6000000.0
terryja01,3.8,1410,13.4,108253648.0
thabeha01,0.1,224,2.2,16779840.0
theisda01,1.0,129,5.5,815615.0
theusre01,6.3,1026,18.5,2935000.0
thibepe01,0.5,93,5.0,85000.0
thomaad01,0.5,6,2.3,60000.0
thomabi01,0.5,53,2.7,775426.0
thomaca01,0.4,63,2.9,519750.0
thomach01,0.6,36,1.3,130000.0
thomaet01,0.4,409,5.7,44671228.0
thomair01,0.4,26,1.8,120000.0
thomais02,5.1,485,18.6,29120094.0
thomais01,9.3,979,19.2,16681000.0
thomaja01,0.5,12,2.5,58599.0
thomaja02,0.2,33,1.6,148698.0
thomaji01,2.3,161,8.4,150000.0
thomajo02,0.3,208,2.7,2492118.0
thomake01,1.5,632,9.3,54613164.0
thomaku01,1.1,1110,8.1,63543623.0
thomala01,0.7,392,5.2,16875041.0
thomama01,0.4,40,1.9,577104.0
thomati01,1.5,824,11.5,97873455.0
thomaty01,0.9,402,7.7,46637127.0
thomptr02,0.1,24,2.4,1235799.0
thompbe01,1.3,204,5.3,470000.0
thompbi01,1.7,300,8.6,895000.0
thompbr01,1.7,168,4.5,2807300.0
thompdi01,0.2,16,2.8,487863.0
thompho01,1.1,265,7.7,2325378.0
thompja02,1.1,588,8.9,34690751.0
thompke01,0.2,14,0.9,150000.0
thompkl01,2.3,615,19.5,59796045.0
thompla01,1.2,985,7.9,12658500.0
thompmy01,2.3,935,13.7,5291000.0
thompmy02,1.4,5,3.6,168035.0
thomppa01,1.5,154,8.9,175000.0
thomptr01,0.9,562,9.2,62924415.0
thornal01,1.2,296,11.9,8142916.0
thornbo01,0.3,283,3.0,1145000.0
thornma01,1.4,483,11.9,35122638.0
thornsi01,0.6,137,2.5,815615.0
thorpot01,2.2,1257,14.0,37611400.0
threase01,3.8,951,9.8,9994000.0
tinslja01,6.1,547,8.5,39960706.0
tisdawa01,1.3,840,15.3,22616000.0
tobeymi01,0.5,2,1.0,138938.0
tolbera01,0.5,261,3.6,100000.0
tolbeto01,0.9,312,6.5,2642000.0
tollian01,0.9,664,6.4,26108060.0
toneyan01,4.2,468,15.9,2880000.0
toneyse01,2.1,112,3.7,225000.0
toolsan01,0.5,60,2.7,680000.0
torreos01,0.5,82,5.4,501546.0
toupaax01,0.6,25,3.5,245581.0
towerke01,0.1,53,1.8,289316.0
townska01,2.6,323,22.3,17880600.0
traylro01,0.7,438,4.8,11820905.0
trentga01,1.0,506,8.6,11406473.0
trepaje01,0.7,31,2.8,971496.0
tripuke01,3.0,707,17.2,5622000.0
trybace01,0.0,22,0.7,4800000.0
tsakaja01,0.3,315,4.8,12741982.0
tskitni01,0.7,172,2.9,8907528.0
tuckeal02,0.3,51,4.1,3005520.0
tuckean01,1.1,62,3.9,375000.0
tuckepj01,1.4,582,7.4,26149241.0
tucketr01,2.0,756,8.2,3596000.0
turiaro01,1.3,473,4.7,22581156.0
turkcmi01,0.3,17,1.9,2639545.0
turkohe01,2.8,997,11.1,90557891.0
turnean01,3.1,170,4.5,455000.0
turneel01,1.8,505,4.7,425000.0
turneev01,3.5,686,9.9,61751608.0
turnehe02,0.4,66,3.4,180000.0
turneje01,1.0,612,6.0,4410000.0
turnejo01,0.3,42,2.8,615000.0
turnemy01,1.2,280,12.9,7391520.0
turnewa01,1.7,3,1.3,30000.0
turpime01,0.5,361,8.5,1710000.0
tylerbj01,3.2,55,3.5,6825000.0
tylerje01,0.2,104,3.6,2396488.0
tylerte01,1.2,871,10.2,1710000.0
udohek01,0.7,384,3.5,18535512.0
udokaim01,1.0,316,5.2,3926817.0
udrihbe01,3.4,831,8.4,44739048.0
ukicro01,1.9,85,4.0,1553232.0
ulisty01,4.0,133,7.5,2230980.0
upshake01,2.1,120,5.4,280000.0
uthofja01,1.0,9,4.4,121354.0
uzohbe01,2.2,60,4.0,535037.0
valanjo01,0.8,489,12.1,45335699.0
valenda01,5.0,620,8.7,1340000.0
valende01,2.3,134,8.0,4278600.0
vanexni01,6.6,880,14.4,74408867.0
vanhoke01,1.6,575,16.0,88860030.0
vandelo01,0.1,15,0.6,200000.0
vandeki01,2.1,810,19.7,5856750.0
vanosni01,0.9,68,3.3,125000.0
vanvlfr01,3.3,177,8.3,1856082.0
vardara01,0.0,1,5.0,457801.0
varejan01,1.2,627,7.3,77677977.0
varnaja01,0.4,37,2.9,1173108.0
vasqugr01,4.8,401,9.0,22838814.0
vaughda02,0.3,118,2.9,2291840.0
vaughja01,2.5,776,4.5,11259690.0
vaughra01,0.5,139,3.0,5599378.0
vaughlo01,0.9,689,10.1,39759014.0
verhope01,0.5,282,3.5,285000.0
veselja01,0.6,162,3.6,9700920.0
vetragu01,0.5,13,3.5,575000.0
villach01,0.8,656,10.4,51577806.0
vinceja01,2.0,576,15.2,1356225.0
vincesa01,3.9,396,7.8,4605000.0
vincima01,0.3,26,1.9,1100174.0
vinsofr01,0.1,13,1.3,635000.0
vocega01,0.0,1,2.0,100000.0
volkoal01,2.2,149,6.8,1325000.0
vonleno01,0.8,299,5.1,11418513.0
voskuja01,0.5,450,4.0,12321407.0
vraneda01,1.2,510,5.1,1809000.0
vranesl01,0.0,1,0.0,129768.0
vrankst01,0.3,170,2.8,13920000.0
vromaja01,0.6,87,3.3,1067328.0
vucevni01,2.4,536,15.7,43208980.0
vujacsa01,1.3,581,5.3,22254895.0
wadedw01,5.4,1054,22.0,196543048.0
wafervo01,0.7,200,5.3,2935793.0
wagneda02,1.9,103,9.4,8185051.0
wagnemi01,1.4,53,4.1,75000.0
waitedi01,2.8,409,13.2,30719270.0
waitegr01,0.5,249,2.4,325000.0
walkean02,3.5,893,17.5,108142015.0
walkeda01,4.6,720,8.9,3355000.0
walkebi01,0.8,181,6.0,2248345.0
walkeke02,5.5,605,19.8,46729731.0
walkeke01,0.7,448,7.0,2660000.0
walkesa01,0.6,445,5.3,15974856.0
walljo01,9.2,573,19.0,89669865.0
wallabe01,1.3,1088,5.7,87800795.0
wallage01,2.1,832,11.9,102825613.0
wallajo01,0.7,381,7.6,10352799.0
wallara01,1.8,1109,14.4,158110581.0
princta02,2.0,196,11.4,4740840.0
walshma01,0.0,2,1.0,38904.0
waltere01,1.7,335,4.6,8462500.0
waltobi01,3.4,468,13.3,2625000.0
waltolu01,2.3,564,4.7,33903340.0
wardch01,4.0,630,6.3,34300500.0
warneja01,0.0,3,5.7,66080.0
warretj01,1.1,261,14.4,9276051.0
warrewi01,1.4,19,1.9,500000.0
warribr01,2.6,169,4.0,110000.0
warriha01,0.8,526,9.4,21227942.0
washbch01,0.3,72,3.1,1257200.0
washida01,0.8,18,2.9,154847.0
washidu01,2.1,19,2.8,75000.0
washier01,1.0,104,6.9,1312000.0
washipe01,3.8,194,8.6,645000.0
watkida01,0.2,14,2.5,109461.0
watsocj01,2.5,600,7.2,22793547.0
watsoea01,4.4,878,6.4,42771079.0
watsoja01,1.1,102,3.2,2400000.0
waynsma01,1.0,29,2.7,217301.0
wearda01,0.5,2,0.0,29843.0
weartr01,0.7,68,4.0,803972.0
weathcl01,1.5,915,11.5,37193000.0
weaveky01,1.6,73,5.0,1677420.0
webbma01,0.2,9,4.3,140000.0
webbsp01,5.3,814,9.9,8395600.0
webbech01,4.2,831,20.7,178230697.0
webstma02,1.0,580,8.7,46520076.0
webstma01,1.2,617,7.0,900000.0
wedmasc01,2.0,906,13.2,800000.0
weemsso01,1.4,183,6.5,4832923.0
wellsbo01,2.1,591,12.1,39484599.0
wellsbu01,0.9,39,3.3,572000.0
welpch01,0.4,109,3.3,525000.0
welscji01,1.5,247,6.1,6157034.0
wennibi01,0.6,720,4.6,7900000.0
wenstma01,0.0,11,1.6,300000.0
werdaro01,0.2,47,2.1,793471.0
wesleda01,4.4,949,12.5,32735000.0
westda01,2.2,1034,13.6,92190459.0
westde01,3.6,432,9.7,16232536.0
westdo01,1.9,676,9.6,20845000.0
westma02,0.3,162,1.0,1585420.0
westma01,0.4,1090,5.7,12104000.0
westbru01,8.4,821,23.0,132246100.0
whalero01,0.7,23,2.1,481788.0
whatlen01,4.6,385,5.6,680000.0
wheatde01,1.6,80,3.3,1072000.0
wheelcl01,1.8,87,2.9,200000.0
whitedj01,0.6,138,5.9,5379735.0
whitede01,3.2,84,8.5,1404600.0
whiteer01,0.5,55,6.1,75000.0
whiteja01,0.2,334,5.9,25466682.0
whiteja02,0.5,67,2.7,1672542.0
whiteok01,0.5,44,2.7,1798782.0
whitera01,0.6,281,7.4,3437000.0
whitero02,1.1,218,7.1,7259525.0
whitero01,0.7,324,7.4,70000.0
whitero03,0.0,3,0.0,1719480.0
whiteto01,1.2,49,5.3,75000.0
whitewi01,1.0,82,3.7,85000.0
whiteis01,2.4,89,7.2,2386756.0
whiteje01,0.6,679,6.5,1455000.0
whitedo01,1.2,30,2.0,492250.0
whiteha01,0.6,343,13.4,49136117.0
whitnch01,2.8,579,6.5,14192900.0
whittsh01,0.3,27,2.5,1352395.0
wiggian01,2.2,400,19.4,24850242.0
wiggimi01,1.6,389,10.0,955000.0
wilcoch01,0.7,628,8.2,38864580.0
wileymo01,2.4,295,3.7,1137000.0
wilkeja01,2.5,828,17.7,935000.0
wilkida02,1.4,582,6.2,19020053.0
wilkido01,2.5,1074,24.8,23687500.0
wilkied01,0.2,322,4.8,1330000.0
wilkige01,3.0,900,13.0,16069866.0
wilkije01,1.0,454,7.9,214500.0
wilkida01,0.2,12,1.2,70000.0
wilksmi01,1.2,233,2.5,5081271.0
williaa01,0.7,715,5.8,23649257.0
willial03,0.6,67,6.2,6988921.0
willial02,4.1,460,9.0,41720992.0
willibr01,0.2,18,2.3,322676.0
willibu01,1.3,1307,12.8,26452000.0
willico01,0.7,39,2.4,200000.0
willide01,8.1,845,16.3,146573189.0
willide02,0.7,428,8.9,30882096.0
williel01,0.9,109,4.9,4647474.0
willier01,1.4,658,8.6,39835520.0
willifr02,1.9,86,2.9,2685000.0
willigu01,5.6,825,17.1,1520000.0
willihe01,1.7,1102,10.8,11478000.0
williho01,1.8,887,11.0,38269055.0
willija02,5.9,788,10.5,55663447.0
willija04,0.6,90,3.8,1302535.0
willija03,4.7,75,9.5,8713351.0
willija01,0.6,475,7.3,63050000.0
willije01,0.8,587,6.6,51077543.0
willijo02,2.9,435,10.1,5033000.0
willijo03,0.3,43,4.6,1235799.0
williju01,0.0,49,3.4,1124180.0
willike03,0.6,260,4.8,1150000.0
willike01,1.2,260,4.9,275000.0
willilo01,1.0,253,3.0,12629000.0
willilo02,3.3,936,14.2,58208319.0
willima03,2.8,203,5.6,4395789.0
willima04,0.2,13,1.1,12890.0
willima02,1.3,1014,10.5,95079293.0
willimi02,5.8,413,11.0,17550000.0
willima01,4.9,818,13.2,67611931.0
willimo01,1.2,456,6.3,7945785.0
willipe01,0.3,58,2.6,70000.0
willire01,2.5,599,12.5,9536500.0
willire02,1.5,206,7.8,7250382.0
williro02,5.4,153,8.6,120000.0
willisc01,0.6,746,5.1,30054000.0
willise01,0.3,137,4.2,4568640.0
willish01,2.4,325,5.8,7301179.0
willish03,0.7,314,5.6,14540342.0
willish02,0.5,361,4.5,12256869.0
willisl01,2.0,305,10.9,900000.0
willite01,2.4,153,7.1,6940336.0
willitr01,0.5,47,3.2,242000.0
willitr02,0.7,72,6.0,2567616.0
williwa02,2.3,708,11.8,28423500.0
willico02,1.2,822,11.1,42673520.0
willike02,0.9,1424,12.1,31565500.0
willode01,2.6,25,7.6,134956.0
wilsodj01,0.8,70,4.3,2135040.0
wilsori02,2.9,24,5.2,75000.0
wilsotr01,1.0,103,5.7,650000.0
winchke01,0.4,122,3.4,380000.0
wingada01,1.9,740,5.6,7035666.0
wingfdo01,0.7,114,3.7,1475000.0
winslju01,2.7,230,8.9,7780200.0
wintetr01,0.0,1,0.0,292029.0
wintevo01,0.0,4,1.5,70000.0
witheje01,0.3,206,3.2,4356774.0
wittmra01,2.2,543,7.4,2470000.0
wolfjo01,1.0,592,4.2,4694041.0
wolkoru01,0.1,41,2.0,1449789.0
woodal01,1.8,417,11.8,1400000.0
woodch01,0.3,51,5.3,1180425.0
woodda01,0.7,412,3.9,1910500.0
woodle01,3.2,274,6.4,543000.0
woodslo01,0.3,215,2.6,3468931.0
woodsqy01,0.6,167,4.1,3761114.0
woodsra01,1.7,151,2.4,2450000.0
woodsmi01,2.3,786,14.0,2258000.0
woolror01,1.9,851,16.0,9829000.0
workmha01,3.9,359,5.5,6880000.0
artesro01,2.7,991,13.2,77053906.0
worthja01,3.0,926,17.6,11850000.0
wrighan01,1.0,297,5.4,9616110.0
wrighbr02,0.8,26,5.0,1062971.0
wrighbr03,0.5,428,7.0,37760133.0
wrighch01,0.3,32,3.7,573604.0
wrighde01,2.7,198,7.4,4731840.0
wrighdo01,1.5,549,8.4,28716258.0
wrighho02,0.2,19,3.3,5000.0
wrighju01,0.8,231,3.9,8466857.0
wrighlo02,0.8,778,8.0,55216995.0
wrighlu01,0.0,15,1.3,1495000.0
wrighsh01,0.6,203,9.7,15120000.0
wroteto01,3.0,145,11.1,5852000.0
wyndeaj01,1.3,6,2.0,300000.0
yabusgu01,0.4,74,2.3,2247480.0
youngda01,2.9,574,4.6,1522500.0
youngjo01,0.9,127,3.4,3523724.0
youngko01,0.3,3,4.3,287500.0
youngni01,1.0,720,11.4,38691809.0
youngsa01,0.7,249,5.8,3381716.0
youngth01,1.7,901,13.4,82733742.0
youngti01,0.2,25,2.2,301875.0
yuesu01,0.2,10,0.6,442114.0
zelleco01,1.4,361,8.2,29994383.0
zellelu01,0.2,16,1.2,473604.0
zellety01,0.9,412,7.0,17226833.0
zhizhwa01,0.3,137,4.4,5731839.0
zidekge01,0.2,135,3.4,2081200.0
zimmest01,0.2,19,1.2,950000.0
zipsepa01,0.8,98,4.7,2062611.0
zizican01,0.6,91,6.4,1645200.0
zubaciv01,0.8,140,6.9,2347567.0
